hdchd,bbjjlddfh
omidkeramatkar,Noshin Mirchegeni
mhtb26.09,
navid_.farzam,navid..n
raha__4468,raha__4468
nahid_667893,
razieh_ghanbari7222,
elham_sh01,elham_sh01
sh__8023,~`sh
yaghoob__fa,𝒀𝒂𝒈𝒉𝒐𝒐𝒃 🌙
miss__hosseini313_,
kajal5551,kajal
h.g.4323,Leila
mis.elahe1399,mis.elahe1399
helliaghooraani,hellia ghooraani
stare9602,stare
_.zahramiri_,🔹ZAHRA🔹
m.sh_y_,@raz.369369
beauty_cake_zarand,najmeh.rajaie1371
ki_mia_sa2,کیمیاشونم✨
rooyaaaa7995,roohiya
atena71179,
tayeb_1034,tayeb_10
gladiyator514,gladiyator
tshnh.krbl,پروانه پور علی
mehrane5544,
sara__aa__arab,Sara
saf.rbs,
_gole_seyah.p,__mahe.gamzadh__🌜🌘
khoram.soltan.222,
shahramghasaby65,shahramfard
mandeqar64,Prof. Farshid Parsa
asenat0097,#آسنات
mr.momeni75,
yas47786,yas401
shabnam__bagheri,
elham.jafari6170,
abdiedres,edres abdi
soooodi208,
smaeilhemmati59,اسماعیل همتی
yaser._.naroei,♤.K.I.N.G.♤
m.pa.ria,m.paria.00
abbasgwdarzy,Abbas gwdarzy
shaghayeght77,
7272______1401,7272
jaksmit436,Jak Smit
mehdi.shirmohammadi.6,مهدی شیرمحمدی
sydhrdyy86,سعیده رضایی
_green_tours_,"تورگروهی ماسال،کویرمصر ومرنجاب"
30yahpoosh_mohammad,𝓜𝓲𝓷𝓪   &   𝓶𝓸𝓱𝓪𝓶𝓪𝓭
zhyry365,انااحــــــــــوازی وافتــــخر
batul_ameri,Batul_Ameri
sobhan_m.s1998,m.solymani
vbfhu7867,saman
masoomeshastvari,Masoomeshastvari
ahmadyo00999,احمد
niloofarazerakhsh,{niloofarazerakhsh}
textdep75,
_gha3emii_,FarihA
mmohammadreza_nader,mohammadrezanaderi
vafasez_donya650,leliy 💖💍L👨‍👩‍👧‍👦F💍💖
neda_chaharmahal,
oveis_zolfaghari,اویس
sadeq._akbarzade,s. akbarzade
arash._.slv,
naieme_71,
raha_k.80,
ngase_my,
karimi0_0z,
sunshine_beauty_1722,🖇️💛ᶠᵃᵗⁱ🖇️💛
hosein6589h,hosein6589h
smndmshyn,Love
jessica__janet__2022,Jessica  Janet
moel3175,mo.e
yas_._sina,@yas...ahoo
mim_.abadian,🍃🕊️ᗰᖇƳᗰ
mahdiyejaaafari,مهدیه
elahe.hhww.123,elahe.hbww.123
naroisrbaze_cd,naroiSRBAZE_cd
qsgyjnkl,★Mrzieh★
tayebeahmadzade342,taebh7104
music_land50,Erfan gh
ibraham_saboor240,
danial_.jokar,دانیال جوکار
amermozafare,amer mozafare
lamyr668893,lamyr668893
vitray._.painting,فائزه|ویترای🎨
rominaaa6503,rominaaa650
mobleman_elit,مبلمان الیت
shkhrzhdy,شاکرزاهدی
ebi61540,ebrahim
language.mahboobeh,انگیزشی|مدرس زبان|روزمرگی
lms4888,الماس
reza_abolghasemi80,reza♡
pegah_biologist,پِــگاه👩‍🔬🧬
avin.kermanshahi,Avin.kermanshahi8831
yasamenderisy,derisy724@gamli.com
sed._mohsen,Amirmohsen khaji
reza_moslem_,
bahar.a.i.z,bahar☄
mealihe,
shahbazie.e,
ali8314000,Ali joon
mh.mod1344,mhmod
yas_yas2sa,yas
khalil.goorgic,Khalil.goorgich
yahya_abasi0081,yahya_abasi0081
fari4.800,فرشاد فرهمند
nylwfrjhngrdy,نیلوفر جهانگردی
___y__77700,
rahimibahrama,
m.yavari14642,m
smp00er,...
tanhaa18777,
_0000.ali1,Emotions of a South🏝
zeinal.barkam,zeinal.barkam
markaz_namadsaghf_iran,فروشنده قطعات یدکی خودرو
yasin.b15,یاسین بذرافشان
foroozan.artgallery,✨foroozan✨
h69bbbbbb,H🌿🍁
arina._mahdavi2,sina.mahdvi
mehrdad.m1m2,‌mehrdad.m2
ghazal_mobara_85,
samiyehq,samiyeh_q
ali_asghar_ebrahimbay,ali_asghar_ebrahimbay
faribakiani4,faribakiani
m.kj1991,Maryam Kolahkaj
ha.diseh._,❖𝐻𝑎𝑑𝑖𝑠𝑒ℎ❖
melis_mona,𝓜𝓮𝓵𝓲
kimiya_nazari74,Kimiya_nazemi74
my.hidden.god17347m,my.hidden.god17347m
agr_dag_,زیبارویان بی وفایند< مث توH.T>
ar2hikl,A҉R҉M҉A҉N҉
narges_rahimi90,"ghandom,1367000"
so_rashidii__,Sofi-rashidi
omid_yousefvand,امـــید یـــوســفونــد
effatkeramati,effat keramati
atii.3987,atefe.3987
dr.meisamshokraie,میثم شکرائی
b_.hamta,Bi. .hamta
naaji_79,naaji_79
elaheyenaz.ema,ema
hajar._.rezaei28,Hajar
reza1poshtgah3maleki85,🖤به نام خدای رنگین کمان🌈
mahdie_kamera,mahdie_kamera🕊🕊
fatemeh.salari99,
clinic_beautysayeh_gonabad,⚜️کلینیک لیزر سایه⚜️
eatehrostaei,EATEH ROSTAEI
soghat_artin,سوغات سرای ارتین
__hasanlo,sahar
parniyan.sheybani,Parniyan
omidshahin15,omidshahin90@yahoo.com
tahere_sotoude_niya,
zahra904500,zahra.esmaeli
zahra.sayadzadeh.smtz,
davoodmonfaredian,davood monfaredian
_imanzadeh.1356,خدا
bahar__593,****
mary.meason,.
frna.z339,فرحناز یاوری
____.duman,به نام خدای حسابگر
krzysiek_93_,
somayehghasemi24,سمیه قاسمی
naz.i650,
hdfjdhhb123,محمد
mahdis138243,
nilaymn2023,کافه باغ سرخپوست
mohammad_soltaniann,mohamad
fatemeh_saidie,فاطمه
z.shoeibi99,z.shoeibi99
ro.ya_hooshmand2574,Roya.1
r__shekuhi,r__shekuhi
melika_omidvand_,
hkhymy2067,محمد حکیمی
newshamarket156,ALI MOHAMMADI
hasanmosavi6812,seyd8052
kiimia.aa,
ghasem.7689,Ghasem.76
mostafa.zeidooni,mostafa.zeidooni@570.com
zahrasoleimani969,zahrasoleimani
zahra.shahryari7470,zahra .shahryari 7470
fkhadmy943,سالارجاده ها
nosratghani,محمد یعقوب
mary.amgholamy2021,
b.zari_77,zari—b.
piercing_by_shakil,💉shakila_sh💉
karavi.1,iman.karavi
rahmansargazi1986,Rahman_Sargazi
samira300967,$@..THB
leila_mohebi61,Leila-mohebi61
kousar.rezaeijoo,Kousar 🧡
_eshghe_bipayan,.
iranmali69,Ghasem
soniyaaaa.mohamad4554,متاهل...ساراومحمد.....
zynabmansouri,"zynab,mansouri"
ll__ali__ll7,**ALI **
farhanvahid2023,farhan
amein_891,hamed
ali.rezahp62,Alireza
mohamad647373828,محمد
1mina.hoseini,¡°-°¡𝓜𝓲𝓷𝓪
jalal.1943,jalali
aseman7153,Marzieh Javani
mehrdad._.n0388,"mehrdad._.N,0388"
gdzc929,dariush..
karimmakarii,karimmakrii
saeed__ir17,S̸꯭A̸꯭E̸꯭I̸D̸꯭|سعید
r.sepehr7291,r.s
mohsenrahimi044,mohsen.rahimi
nekoeemahdi,mahdi nekoee
arqavan_.ui,
hfdhhddhkk,Hfdh Hddhkk
r.ahmdifar,....===
mysam_felegari,
mahsa.ntj.4840,Maryam Nataj
aaaa_20_02_,
royaa.8308,Fatemeh Goodarzi
addas13633,addas1363
jmylshd9,جمیل شاد
alihasani._.86,😇Ali😇
bairami_h,Hadi Bairami
moosa_mansouri23,موسي منصوري
leilatanha11,Leila tanhafard
dr.sama_radmanesh,
darman__shoo,زودانزالی💦سایز🥒نعوظ🍆سردمزاجی
golbarge_sefiid,به نام خدای رنگین کمان🌈🍀
i_salehi465,𝓜𝓪𝓱𝓸𝓸𝓻❦︎
behead135_,بهزاد باقیزاده
miss.sareh_86,
ielhamsharifi_7,
hasan_ghorbani0075,حسن قربانی
sarvan.shagagi,سروان شقاقی
silhe1367,hassan silhe1367
azam.rfn,@z@m.ra
n.samamy94,najme samamy
s.t.hosseinizadeh,حسینی
eliotiii2022,eliot lovely
mohamad.ali3441,mohamad.ali
arez.o2428,Arezo Maghboli
mehrab.mirzayy,Mehrab Mirzayy
_esh51_,ESH
barzankarimwali,Barzan Karim Wali Akoyi
joodiabot_5,ارغوان
batolghaz,batolghazi
askanyslman788,salman
sara20002538,sara
6708elham,eli2020
yase_r4620,
mehdi_biiglari,mehdi.1993
marmarinakbari51,marmarin.akbari
1400_alc,1400alc
aboli._.khy,Abolfazlkhorasani
jamshidiroza6,roza
mohamad_moradi_3232,محمد مرادی
_hany.hajivand,
sahar.delijani,sahariii
sh.seydi59,SHAHRAM.SEYDI
ruho.m0016,ruhom0016
mr.dy1262,مرادی
rezapoursolemine,rezapoursolemine
rajabi_1366_,ازادترین فرد وقتی که نگی ای کاش...
elena558866,Elena2020
s.mahdvr,
photographey_.mohsen,𝐌𝐨𝐡𝐬𝐞𝐧 𝐀𝐡𝐦𝐚𝐝𝐢
jshshsujk,hkjhhjl
hadis_n.84,hadis
hadi.9hy7t2,hadi.9hy7t
mehri136553,Mehri 1365
pars_a6388,پ
rsa.lari,rsalari
hamid.shahsavan2020,hamid.shahsavan2021
m.isar29,MohammadReza Isartalab
tahereh__rezazadeh,tahereh rezazadeh
asdf.ghjk435,مجید
nar___ges_s,نرگس
rly43498,m
kimiya_khatoon2,kimiya
negarrr_hamedaniii,negar1🧚‍♀️
hassanparsa__,حسن '
yaasaman.amini,𝗬𝗮𝘀𝗮𝗺𝗮𝗻.𝗮𝗺𝗶𝗻𝗶
saadat.at54,salim
aria_mashayekhi,ARIA
mo.rafeiepv,محمد رفیعی
photo_text.0,ᴘʜᴏᴛᴏ ᴛᴇxᴛ
omidgh5930,
iranm6538,wtnaryayy@gmail.com
hajar.pourhosein,hajar pourhosein
life.goes.on.1401,....
mohammad.amin_1987,Mohamad Amin
rezasahraee45,
abdulkarimmohammadi5,Abdul Karim Mohammadi
masoome.pgh,Masumeh
sohila6310,سهیلا
photomoments_yz,photo moments
parvaneh_hbb,پروانه
sahel__dgz,Queen_sahel
mehdii._.mousavi,
mahnazsadeghinasab,
maryam.hamzei68,
kian.6637,kian.ahmadi
hossein.rrp,hosein
m___hadavand,Hadavand🍁
eli.love.peyman,eli.love.peyman
akbar.keshavarz,akbar.k
royachoobtashani9507,Roya-choobtashani
amiin_aminn_,
mr.zakeri5254,alizakeri
nasrin_por10,
m.d9283,m.d1368.........
tyq8005,عتیق محمدی
golnilofar138,gol nilofar
vakilmasome,masome vakil
bah17588,esmat
fanousdaryaei__,fanous
_yasmn_ns_,_yasmn_ns_
send202p,zendegi
agffhfdghvcz6gfd,نظیر نوری
hanunbozorg9190,
mehdisalimi.n,m. salimi
belle_dame68,m
mojo7592,mojok
akb_sdh67500,
azimietemadi,محسن‌عظیمی‌اعتمادی📚Mohsen Azimi Etemadi
funshopet,🌱🌿funshopet_🌍Tehran_Iran🇮🇷
mohamdmohamaian,محمدمحمدیان
rahil_bahaelou_,Rahil
arezo_esfandiarii,Arezoo
mahboubeh_hosseiniiii,Mahboubeh hosseini
jila7198,jila
staresh834,staresh83
manteghi_bagher,
iadel.tamimi,اهنگ غمگین عاشقانه خاص
4991.tr,تارا
srkhh7090,Hadi
ahmadesteqfare1,chavshin
vatani_hamidreza,Hamid Reza Vatani
ostadi561,ostadi
farhad201844,farhad2018
narjes_amirl4567,narges amiri4693
sm_vafaei,S.Mohammad.Vafaei
matin_sfnd,
nargs_hosseini,🦋🖤
zhrhmdy3927,ظاهر احمدی
zahra_rashidi74,خانه کیک رشیدی
shiima1505,shima
ngivzpxdxjv2023,negar
mehdiahmadi101,Mehdi Ahmadi
javad45011115,Javadbashi
mitrakoroghli,Mitra. Koroghli
maryam.f66101,maryam66101
mr.mr2190,مرمر
aart_naazanin20,art nazanin
rabehnam,Bₑₕₙₐₘ ʀₐ
maryamjafari.12345,maryam.jafaru
minsu_sh,
maryami_4416,Maryam
mohammadpour002,mohammadpour0028
saye.h3768,sayeh
abolfazl.t623,abolfazl.t6020
nikoi_hsan,
rasolehsani9,rasolehsani
zharan993,zharam
sabzevari.neda,Sabzevari.neda
jigar_1389,
1371f.kh,Arya
arash_atyabi,arash.atyabi
derakhshan_1985,Hashem Derakhshan Official
darya73410,darya7397
atefeh1684,
arabzadehvahab,Vahab Arabzadeh
seydvaniahosseini,❤💋vania‌
f.ataie0705,💫Fatemeh💫
novinetesal.co,hamid reza kafily
azizahangarian,Aziz Ahangarian
yasinjavadi4,یاسین جوادی
mortezaalinejati,
elahehabi484,helma.ahmadi
arti__2046,
neegeen1,NEGIN SHEIKHANI
rodab7676767676,RodA
sfa7538,sfandear
haji_goorgij,Farooq Goorgij
maryam.malki75,maryammalki75
elahe.hoseini25,elahe.hoseini
__mehdi_panahian,
shagheaygh._79,shagheaygh.79
mehrdadverijkazemichalos,
ah_madi1314,Ahmadi
koorosh1785,koorosh
fardin.1803,fardin
aylin_moradi5665,aylin
afrajaski,afrajaski
_rowshna_,
sima.bakhtiari,🌻
ghasedak_r57,قاصدک
mohamadrasoul.khazaei72,mohamadrasoul.khazaei72
engp6872,
mina.karami2,Mina Karami
hajar.m.b.a,❤hajar❤
abbas.bashiyan.13834,abbas.bashiyan.1383
j__salehpour,
bwtlb8538,ویراگرد
yrttyyi,Azadeh
iam.liara_,
reza0916564,REZA
raso8364,rasol..💎
67moh.amad,محمد
hm_mohamad_71,
masoomeh._.anbari32,♡masoomeh♡
sde34588,
mehdi_rf133,حسبی الله📿🧿
badam.fh,Badam.fh
nzgl50778163,نازگل5077
drghy.r,رسول درگاهی
zohreh_g1385,zohreh_g1385
niaish699,نیایش
farhad23361,فرهاد
nafas.4528,♡nafas♡
_mesut._.shah_,Mesut Şhah
asal101077,
1999.sareh,sargol
keyvank8390,keyvan
nazaninbanoyziba,"خودت باش مگه خودت چشه..، 👍👍"
_jananx82,_Jananx1819
salar_kohk,
gh.mohamadiz,
sarabagheshi0,sarabagheshi
shataw_kurd,shatawkurd
heidari4987,t. heidari
salimeh_baghchighi1373,Salimeh baghchighi 1373
ensiaebrahimi,Ensia Hassan Tabar Ebrahimi
vl30__03lv,V_Nj
mohmad_hasn_khajehgiry_1991,محمدحسن
k_zangaraki1355,
morade.sade,Sade Morade
miladmohebali85,Milad Mohebali
baahmadi27,
tooshk0900,tooshk_dr
atefeh_rafiaey,عاطفه رفیعایی
a5001484,
nastaran56658,nastaran5665
sissons229,سلطان
ariya_mehr.msi,
sh.473,Sh
sadaf_m44,
abasparand77852023,aryana
sama.t.6,sama.t.63
shopnovin.ahwaz,فروشگاه انلاین نوین
mohamadsaed.94,mohamadsaed.94
mwwdskhrwy7,لاالله الاالله
prmys4990,پارمیس
amirrr1111_,amir
hrtynyysh,نیایش هراتی
zahra_azizi_2020,آمین به ارزوهات🤞
mehry.m1351,mehry.m1351
tanhaaaaa1990,tanha
ah.j.276,ahmad
banooo.jan.0809,
barann8289,Baran
zahra.nikoo.65,zahra🦋delnaz💍amir
tina.aalami6390,tina.aalami
876780fgu,manuaa7.44
mohades_19985,mohades_1998
hemati13890,mohammad_ hemati13890
n.khorsand96,online.moble.97
somaye71691565,SOMAYE7169
1q3492,الیزابت
reza_n898,reza
narsis_1931,nasrinimani
nila.arma8,nila.armand
sydlyhsyny7060,سیدعلی حسینی
ahmad.emami.25,ahmad.emami.
swdhmhmwdy,سوده محمودی میمند
mehri_mah60,mehri_mah
hamid.cfz23,حمید بلوچ زاده
mohammad_nabi_0926,Mohammad nabi
rezaaag13,
mahdi_.karimistores,Mahdi.karimi
setayesh._.shirzoor,Šξኘãყęšみ
zat661103,zeynab
ziba1362j,ziba
aligoli139211,علی
axgbccggvvbbb,خدایا شکرت
hasan._.m914,Hassan
pakdellllllll,edii
saeid.bayat_1320,saeid bayat
sheyda_sh_s_h,
amir.sh1962,amir.shokouhmand
kamran__jalali,kamran
sanaizadii,𝒉𝒂𝒍𝒊𝒎𝒂
bahmanabbasi.gh,bahman
z.behba2121,💖
zhraj.oni,zhrajoni
iman.zr3,iman.zr
maryamgh8412,maryam
ta.ranom5172,@Taranom@
sarin.a5779,h
q1w2e3780,امیر علی شه بخش
marjan_peivand_heidari,مرجان پیوند حیدری
shahram.6248,shahram
poiuytrewqlkjhgfdsapp,hhhhhhhh
azmbtwchh,"خداعاشق عارف میخواد،نه مشتری دربهشت"
omidd_karimi,
v.sharbaty,V.sharbaty
behnaz.baharvand,Behnaz Baharvand
ladanvahdat,Ladan Vahdat
mahsa____5005,
counselor_midwife_rezaei,"counselor👂, midwife👩‍⚕️, researcher👩‍💻"
shahriyar_7634,
mmhghhj60559,😞سگی را خونه دل دادم که بامن اشنا گردد😏
20_sara__20,sara.2020
yavarsh60,یاور
salehahmadi132,saleh ahmadi
arad55551,arad5555
erfan.khani1001,erfan.khani10
uoo9183,uoosof..sh
1234q182,abdola
dehkadehmorgtokhmtala,
ma.hammad8478,mahammad
fateme.rahmanii_79,
masoumeh___raad,𝑀𝒶𝓈𝑜𝓊𝓂𝑒𝒽_𝓇𝒶𝒶𝒹
abolfazl.rodini,ABOLFAZL.RODINI
zahra_a_s_7474,zahra
hamishop63,"فروش چسب ، پیچ ، ابزار  | مرتضی عقاقیری"
seyed_amirhosein_tabatabaei,
_seyed_20212022,۲۰۲۲
hadi__one,hadi_nazari
mohamad_k_urom,mamad
miiina1402,mina
eye_falcon7,Abas Bazgir
savash_7289,savash
moj.tabaebadi,مجتبی عبادی
farzunamiri,farz🌼n
moslemfarahnaki58,مسلم فرحناکی
amir_seyedahmadi,sead ahmady
af.sane2986,Afsane
sajad_shakiba1,sajad
rezaganji66764,rezaganji6676
az_ad4418,Azadeh
sir_morteza_17,llll_
maryam_rm1360,
sa_har3083,sahar
farideh._.kazemii,kazemi
araykarimzad5,araykarimzad
shahan.0123,shahan
mitraayalda1990,s.Mitra Amiri
offogh.shoes,0FFOGH
gzlbyt25,غزل بیات
barahoei341,
sobhani6860,naser sobhani
yalnd2023,
keyvanhoseini_1994,Keyvan
khalipe8630,خلیپه
hasanabasi3363,Hasan abasi
abxjne,amwijsj
qnw160,اقانور
kamandpakdaman,🔹کــــمند🔹
bahar.hidari.1375,
kalaye_khabe_rojan,💟💟روتختی و کالای خواب روژان💟💟
abozar_ghasempour,(سیاهکل)🚩🚩🚩🏳🏳🏳
zainabasadzadeh,zainabasadzadeh
ava_vtk,.
mousa.7.gh,mousa.7.
r.nowrui54,"r.nowru,i54"
cafeshear_frough,Frough
nowruzi123456,Mohammad
leila_fadaei7,Leila_Fadaei
fotbal7704,CR7
farsi2022,
dokhtar_e_mordadi,تورک قیزی
behzadnorozi.20199,‌ 20199
arezo_asadi32,Arezo Asadi
zahramazaheri802,zahramazaheri802
amir.alighorbanpoor,amirali
alim.ahmodiii8,
hami_dkhosravi111,hamid khosravi
a102938773,a۱۰۲۹۳۸۷
nedasoltani.1364,NeDa Soltani
esi.baloch2020,
naazanin_qasemiii,nazanin💜
elnaz._.9669,elnaz
vida_nezam_sh,
asopas.13611210,asopas. 13611210
ribonding_zohre,خدمات کراتین/احیای مو
zoherhkarimi1369,karimi_._zohreh
herkol2295,Herkol
donya__alizadeh7,🧿♥️
abdullah7619s,Baloochzahi♡♡♡♡
minaabdi4268,Mina Abdi
hoonejaniaram,Aram hoonejani
nahid.z.moein61,naheid.z.moein
akbardehghan73,اکبر دهقان
emojtabaghasemi63,Mojtaba Ghasemı
brdrm52,برادرم
z.sohrabi57,-Sohrabi-
fatemeshadi13,fatemeh..s
frmwzrbbzdh,فراموز ارباب زاده
shahramhosseinzadeh3,shahramhosseinzadeh
fatemehnesyi_,nesyi
mariam1363k,marim
man.gharb,Saeid
bahareh_19b,بهاره
sohrab.kh.gh,glkhane_omid
mohammadreza.krz,Mohammadreza.krz
sajad_estakhrr,sajad
mahboobe_hoseinpour,
pezhman.heydari7,pezhman. heydari7
elhamasdpv,•𝐄𝐋𝐇𝐀𝐌•
mohamadarf6,‌mohamadarf
mamdwx.a79,Mohammad
shahz_adaafghan,
sahar.ka.ba,a person....
_im_alexa,@|€🙅🎗️
bardia.yar.777,bardia.yar.77
ehsan_fatehiiii,ehsan.fatehi
mohammad.salimi7,mohammad salimi
samira.kezri,
iam26.__,
salehreihaneh,reihaneh salehy
mehrad7118,sahar.hayati...
solale.asa8,solale.asa
mohamad.ebrahm.zade,mohamad.ebrahm.zade
d36568,avazmehrab
zahra_gh_539,zahra_gh_53
h4medkhosravi,Hamed Khosravi
shokiomrani2,shokiomrani
arbod418,barbod
gholizadeh620,gholizadeh amin
ahmadi72537,@
aliamorimohandesi75,Brian
_samane_ebrahimi,/samane🌻❤/
aziz.shriazinia,Aziz.Alilvara
mohamadfajali5,mohamadfajali
rezataji.68,
aram_gha8,aram_ghasemi
fahiiim.ms,fahim
mehdi.safdari_,مهدی صفدری
o_kh1980,o
fati__khatibi,♡اکسسوری/بدلیجات/فاطے♡
_f.sh_,.͜.𝐅𝒂𝒕𝒆𝒎𝒆𝒉.͜.
pdrm_555,
mehdii.1613,
ali_esfandiyari1219,-ALI-
mahdinajafi2109,Mahdi najafi
n.askari01,n.askari01
abas.k42,abas.k
javad000392,javad🇮🇷
ahoora__2022,S
saed_407,saeed _g81
marya.7795,marya034949
alirezaaaa77771,alirezaaaa7777
hassanpour.khalil,khalil  hassanpour
peyman.ghaseminezhad,peyman
abbasarab355,Abbas Arab
lh44dil,hadiii
hdix_vorojak_tato,👑وروجک تتو👑
sahand.20d,
lotfola.aalipour,Lotfola Aalipour
ahmad.masoomi177,Ahmad
shahverdi2550,shahverdi2550
farhadya12,
rdyy_tny,تانیا رضایی
taha_saffron,tahasaffron ansari
sina.abd3772,sina.3772
smmm957,خاوری
mdsyd3853,عماد سعیدی
daryw56,
sahar.mgr,S A H A R
sona.moamery,sona
jalaltoughi,jalaltoughi
8091.llh,الله
sara.joooon321gmil.c,sara.joooon321@gmil.com
zibaii_tabiat_,p.k
h138_6m,mo#hk
razkeshavarz6,razkeshavarz
mahla_23466,‌ mahsa1400
na_hid_9059,
fr_zd7757,فرزاد
meehe2565,meehe2565
byan13137,
fri70577,fri7057
atf.karimzade,ATEFE
zahra20202780,ZAHRA
erfani._vahid6,erfani._vahid
emad.3049,emad
salimiraha66,Salimiraha66
mortezaaa._,مرتضی نوشادی
format589,شایان
mohadeseh.sh.mahamadi753,mohadeseh.sh.mahamadi75
rladani68,asal
3269mika,mikaeillmohabatt
alireza17_17_,alireza10
artemis_6988,artemis
saeedsalehi_1385,saeedsalehi
rbyyamnh73,آرمان
marjan_glz,🌹دختر تابستان_ کوچه 4_پلاک2🌹
black_rose6202,🖤asal🖤
om.ed1739,Omed
zahrhraeat,zahra_raeat
asaljalali1997,
ssaarr4845,ssaarr
htf6174,هاتف محمدی
elham.67_67,Zndgi.67.67
mina_appmath,Mymfly....
mr.hamid.hazrati,hamid
mahsaa486_,Mahsa
2285sadaf,sadaf
n.heidari_213,❤
mm_rr_34,34_mm_rr
kaivan_18758,
sori.n.n,Sonoor Karimi
anesthesiaak,parsa
m__h__91_92,A 97 10
_mrym.mansouri,مریم
ze.azizi6,ze.azizi
majid1101718,
_shoja.71,_shoja.71
saha.r23363,sahar
masom.darvi00,
noorabad12344,noorabad1234
fatemetabari_,fateme tabari
skincare_royamazlumi,skincare_roya_mazlumi
salarpur29,yahya salarpur
halehahmad,Haleh
samira.nail.5,samira.nail.00
hadi_yari72,had yari.72
tayebeh_dehghani_sanij,Tayebe Dehghani Sanij
hossein.d.kam5,hossein.d.kam
shahnazov51,
zohr4612,ava rhemi
mmm.goli12,Ma Golbaz
somaye_art19,@somaye_art19
dariay_tofaniy,"hakem_, ehsas"
mohammadreza.sh.j,๓๏ђค๓๓ค๔гєzค
az_ad7523,azade1366
honarhayedasti.sanandaj,صندوقچه سنتی(یغان)
sabzeh_negar,
zoha_9512,zoha_9512
chenarr42113,چنار ۴۲۱۳
shima_mahmoodi63,Shima❤my love family❤👪
mniimaae,nima
ozairayoubi,عزیر ایوبی
mahsama1747,mahsa
sayanjalimehdii,sayanjalimehdi77
r_fathiiiii,r.fathi
edris._nima,edris . nima
zarin_rashidi,
juansoto2415,Juan Soto
ram_tin1313,ramtin_13
rezazendesar,reza
ftmhmhmd1158,fatemh♡MOHammad ALI
fatemebanaeii,maede
faeze._nrz,faeze
iman_ghaedian,iman
nasrin.d.679,nasrin.D.67
fa_me_9595,me_sa (مسیحا)....((دایرکت ممنوع 🙏🙏🆗🆗
qpmzqpmz491,اکیلابراهویی
emad.ncc,عماد
alij00019,alij00019
sh.amoori,shaghayegh
z.nazri1369,Z-nazari1369
shiva.n891,Shiva.n
mehdi.hosseynpour,mehdi_hpr_dlt
mehdi._.cl65,๕ℳƎℍ∂î๕
zi.ba7355,ziba clip
danmik78,danmik
mahboob_4321,
rez135800,rez1
matin_.meraj,
vahid76__,vahid :)
s._yzdny,somaye  yazdani
mavali.n,mavali.n
shahzad24642020,shahzad
mesi1976,mesi1976
shahir_7d,دلیر شهیر
sanazr32,
marzieh5101_h,Marzieh.71
nasrin.arasbaran,Nasrin Mafi
firoozeh_7897,firoozeh_7896
ayhan678990,sahar34
f.p_73,miss_fatemeh
bwmrtdy50,ابومرتضی
amirhossein1377b,ﾑℳɨЯɦσssεɨŋ
ebi_91_00,ebrahim
fatemehkooshki_456,Fateme Kooshki
_ssssssss12323344,Fk-so
farzaneh.palizvan,فرزانه پالیزوان
somalijahangir,jahangir
mezone_tehran,مزون لباس مجلسی
kamiab1371r,کوســــار¹³⁷¹حسبیﷲ ﷺ♡
skin.care.saeedeh,
aftab12130,aftab
nsr9.6818,nsr9.6818
paradis__e855,𝓜𝓸𝓸𝓷_𝓼𝓱𝓪𝓭𝓸𝔀✈︎☻︎
nazila_soleymani_,nazila soleymani
hamitamm,HAMITAM4682
samane.hjz5,Samane.hjz
haniyeh._gholizadeh,haniyeh
f_moslemzadeh,
setare_shab_84,__setare__
tinaazizi55,
samira_porkhari,
noshinkarimi2023,noshin.karimi
s.shahabi.97,sogand.shahabi
rising_sun72,Rising Sun
bbrzzynly9,ببراززینلی
mohammadsroo7,mohammad rahimi
kshavarzati2021,a.
mehri.joudaki6,mj
atabakhshsimin,simin atabakhsh
saeed7036075,saeed
am____gram__,
hodeis_sabbaghpour,HODEIS
afsi_kamali,afsiii
mina8118m,mina
al.oneboy9233,Aloneboy
aban.a.m20,
ffffmmmmfffm,امیر علی
_maryam730_,𝑴𝒂𝒓𝒚𝒂𝒎
maryam_shakeri55,maryam
hmiddrzz,hamid
jchffhfjjcci,mohammad
m.ramzani1625,m.ramzani1625
mahdieh_dalvand,مــ🍂ـدیــه
solmaz_kiana,"""Men of quality don't fear equality"""
rkh._gl,فقط خدا💓
9851hossein,hossein
sh.farr,Shahnaz Farrokhi
elseven1399,elseven1399
j.a.b.d.b.h,javad
faribamodarres950614,faribamodarres950614
byt6168,بیتا
ya_saman4213,Yasaman
nasim_0100_01,Nasim Rahmonzoda
amn_mahsaa,Mahsa
amirami281,amir
zohre_yazdi_1362,زهره دشتی
pa.yan56,pa.yan56
shadi_asayesh,shadi
redroz9005,Red Roz
hedi___hd,hedi
pershiansupermarket,pershian supermarke
paeiz.1516,
mhmdmry1841,محمدعامری
alirezaebadi306,reza
mohamad.fzli,Mohammad Fazli
z.mas.20,
abi.official72,آبی/🆎
mehdi.radman4455,Mehdi.radman
behza.dnarooui,behzad_narooui
samaneab21,samaneh
sara_ziyaeei,Sara
mehdibesh98,mehdi besh
mahdiehoskoi,mahdieh-o
zahra.d.m98,Zahra.D.M
a.m.shahozahi,🌹A.m.shahozahi🌹
ftm.___.gh77,✨F✨
dara.a.r,Amir Ranjpour
hhjy6001,ح حاجی
sbhnjn486,سبحان جان
klklkl9865,yas. ss
mary.ammansouri,
fataneh.72teb,Fatane.72teb
pari.b1996,pari
eman_kmandar,💞Eman kmandar💞💓ضربان قلبمی💓
shbny481,"hasan,shabani"
darohay_shafabakhsh,کبیری
royarzpr,roya rzpr
lylhsyny8295,لیلا حسینی
king.danial.90,Danial
morvareddarya49,
malihe_fp_raki,malihe_fp_raki
amiin_1577,Amiin
_omidfrz_,Omid.farzaneh
fatemeh.aghaeii99,
maryam.fa129,maryam.fa
omid_shahriiiii5,omid_shahriiiii12
mehri_reza68,reza mehri
bayat_lj,🕊🕊🕊
blogzadhborhan2022,borhan
zabih_6937,zabihalah.shafie
zahra3555kz,Zahra3555kz
saeedmostafayi2460,Saeedmostafayi
p_shahenazari,
abdolahi6489,Mohammadraza abdalahi
elhamfadae,elham
milad_b.h.m,میلاد بهمه تعمیرات ایسوزو🚛
t.m.313_,T.M.313_
faezefaaa,faezeh
mo.ba4645,‌mobah
sahar._641,sahar
reza.z421,reza-z421
rghyh_kshavrz,
se.dighe.hosseini,sedighe hosseini
afsany.pnahy1324,afsany.pnahy1324
behnm348,behnm
tahereh.062,طاهره
4328.ln,النا
nafa_sl1382,nafas.l1382
mehri20202756,Halimeh Nosratzehi
kjf9096,R. Mar3elo... KJF
mahl_agha1357,مهلقا
a___kh98,a____kh98
kasrakh1400,kasra
siminb19936,ay
hossein._n.a.z.a.r.i,Hossein Nazzari
3879khyn,کیان سالارنیا
hlalmhraby820,هلال محرابی
pouya_khalilii_,Pouya Khalili
awes.ome6705,سحر جون
ardalan_alghasi_zavleh,اردلان القاصی
balooch9104,balooch
shahriyarr_80,Shahryar
poory.atagavi,pooryatagavi
mahsa____4455,mahsa____4455
asghar.rezaei1982,اصغر رضائی🙌
arshya4819,arshya
shahvardi25503,shahvardi2550
asil.a591,🖤💫
sabouri636,سارا
moslemi.hhh,h.moslemi.z
pa.rasto147,parasto
mr.tedi8989,mr.tedi jon
golabeton.tanpoosh,تن پوش سنتي🌸لباس خاص🌸مانتو🌸گلابتون🌸
eli.61363,eli1363
elaheh.m.n12,Elaheh.m.n
amiralimahmuodii,امیر علی محمودی
sant34567,
hasanloosoheila_,soheila _ hasanloo
jageraniimarzi,bahar_narenj
donya.darya9,donya.darya
fwti.ab1,fwti💚
zahraaa.zn61,zahraaa.-zn61
gholamrezagharat,reza
mohamadali_molai,mohamadali
nosh.in5454,
amynmalkwchygmail.com8,amynmalkwchy@gmail.com
miss_porbarkhordar,SAHAR
8389.goli,8389-akram
nmdrzngn,بهاره نامدارزنگنه
akbar_hamraz2022,اکبر همراز
aminshahbaziyan190,Amin Shahbaziyan
yusef_vanaki,
nima.1397.6,نیما
21212_121212121,حسن
amirhosseinagharezai,amirhosseinagharezaie
sakine_hassanpour,
masii.bahramii,masi.bahrami
safillah_is.haqi,صفی الله اسحاقی
somayehsayedmohamadi,Somayeh sayedmohamadi
afsaneh_kamaie,afsaneh
yhtynkz,علی
hydrshryfy1386,heidar_sharife
fateme_m9615,f.m
nasrinn008,
imparii.naz,
mahmoud_edit1363,mahmoud_edit
miss_soraya1382,miss soraya
ftmj26,🇫 🇦 🇹 🇪 🇲 🇪 🇭
fereshteeshad,fereshteeshad
zahra_rh_1360,ᴢᴀʜʀᴀ
krblydy,كربلاي ضيا
kayv.anz,kayvanzien@gmail.com
alilirdafi,ali lirdafi
rasool_safyari,rasool_safyari
alinoori4300,alinoori
rezarafizade08,reza.rafi
mogtaba_rasa_,mogtaba rasa
amir.kamalifard1,Amir Kamali
6734._egdhx,حسین رضایی
javadi.esakhani,javad
marjan.sadatheart,marjan
mohsenqasimi0098,mohsen
ramin.nazari.37604,Ramin Nazari
zohre_m1394,zohre mortezazade
edris.ghamgosari,ادریس غمگساری
hasti137298,hasti137289
soli9644,soli
farzanehh.jalali,
pari.kakoli1,ₚₐᵣᵢₘ.ₖₐₖₒₗᵢ
pflsjsnden862665,شهرام
aso.00159,aso
rhaee77,Rhaee
yzdan477,yzdan
mahshid.8937,
mehdi.omrani2222,mehdi.omran22
aaliyan_65,
adeli.samira,adeli
mxieonem,xzieobex
parnia597494,parvin hosine
monireh.mazinanii,monireh mazinani
philashes_somayeh_habibi,اکستنشن مژه سمیه حبیبی
shel_by2023,sp
ariyafittt,ariyafit
shahid_riaz_,Shahid Riaz
merdaspasha7,General Merdas Pasha
farzaneh_20019,👑F@ri👑
naghdi_hossin,hossin naghdi7
nrr.him4,مهسا
ghasemmousavi63,ghasemmousavi63
a.pn__,
mohammadreza_2017_0917,mohammadreza
adel_rezvani1377___1,adel
kimia.mousavian90,kimia
_ayla_somalzi_2006,Somalzi
mehdi._rzapoor,Mehdi. Rzapoor
zarban.abbas,
saleh.hanzarani.43,
zeynb._.iz,Zeynab
elham.naraki,Elham
fati_rashidi___,
alikhi1924,علی خالقی
javad1130115,javad113011
spring__6,💚
ali.r1401.ma,
budiana_trans_tour_bali,Step Step
baratiyan1610,",baratiyan۱۶۱۰"
dnyybygham,donyayebigham
poourya_karimi,
bahman_nazerijamal,بهمن
mohamadreza1387_mohamadreza,Mohamadreza1387 Mohamadreza
wydkhbry4,ویدا اکبری
mohammadrj7792,محمد رنجبر
ali_wk_,Ɗ Ɛ ℣ Ī L
mahu.r840,
janan20232023,Janan
sajja_13677,sajjad azmd
mahsa67925,
elnaz.dastranj1372,elnaz.dastranj
hoda.aryan,hoda. aryan
mznvhb,ایمان جمشیدی
hanie._.bagheri,Hanie & Amir
sakhirahmani85,sakhi rahmani
hagighiiii,
negar63398,negar 63
r._.f65,r..f
darya1365___,
h0sseinbahramirad,Hossein Bahrami Rad
yazdi.stori.fun,گننا
ali.garmsar96,
pamir___tv,🇦🇫pamir__tV🇫🇷
mohammadhassan3888,mohammadhassan
aa12.34562290,عصمت اله گراوند
mohssen1031,Mohssen m&n
delara2578,delara
aboozar.m1365,aboozar.m1365
hananeh___69,hananeh.69
r.mhtrmy,رضا محترمی
yosef_vatandost553,yosef_vatandost55
sahargr9,sahar-gr
fadi13726,..
itissajedeh,Sajedeh Meftahi
haniiye_____,
sdys9686,سدیس ریگی
lebaszer.ava,
behzad_alizadeh20221,
s.f_hayati,s&f&n&a
tareq_saghari,طارق ساغری
vahid89sadraa,وحید حشمتیان🇮🇷
pari134307,پری
maryamo0o0o1,maryamm
myrlyzmny57,محمد جواد زمانی
manyaa7fdvj,....
sanbol2023,sanbol
qlndry4469,غلام قلندری
banafsh29452,banafsh2945
goleyas.eltiam,golbarg
neginnn_12127,.....
dina_ghasemi36,dina_ghasemi
saeid.sephre,
queen7412i,
slslhhsyny,sinan hosseini
salam_reza71,salam reza
roya_naghavi8,roya_naghavi
eslami_380,Taranom
mahsa.0021,mahsa
a.ahmadi__783,A.ahmadi__78
jasem790575,jasem79057
mohamad.mn72m,mohamad.mn72m
saba138955,saba
tahayioosfi,tahayioosfi
zohreee2023,zohre_ee_1368
njme.heydarii,نجمه حیدری
christopher_lo79,Christopher
miramira6827,Mira Mira
mobina.6865,mobin-a
narges_9798,narges_9798
ln.9.9.9,
ali.morady.59,Ali
nezami___,
taninshakeri1983,tanin1983
anis_yasamin,❤AL.PH❤
mohamad_arevan_0,mohamad_arevan_0
fff.rr1370,
mradbamry449,moradbamari
rahimpoursiroos,siroos rahimpour
sadr_a3560,صدرا
faizi3994,Mukhtar Faizi
yasser__shir__shahi,Yaser Shirshahi
aida.farhangi.maleki,𝑨𝒊𝒅𝒂
mohammadmirafzali63,MohammadMirafzali63
nasrjm303,yones
habibsad42,habibsadeghi
seyedkazem_11,seyedkazem_11
maryam_falipoor,maryam falipoor
sarina._h,sarina _h
vahid_00016,vahid 00016
sharazi12345,Naderhayati
ali5153232021,Ali
vapa1368,Fatane✍️👩🏻‍🔬🎓
fateme136566,
mhmdlyzdh7686,🎥
nahide_hasanzade,Nahid
eiman_no_love,ایمان
makky_farah,farah  makky
gholamreza.norozi8,gholamreza.norozi53
fahimeh.diyanat,fa.Diyanat
atefeh.ahmadi_,Atefeh
ahadzr2323gimilcomm,Ahadzr2323@gimilcomm
malihe.beyki,
ali_parsafar1814,علی پارسافر
zzzzzzsssss2023,wwwwwwwwww
elham.najafiii,الهام💓
sahar93202,sahar9320
gole.roz.a,gole roz
sarajoon_tailor,sarajoon
azam__hadavand,hadavand # مدافع چادرم ✨️🍃
hosse.in8374,
frzanh.bg,
mahsa.t_1377,mahsa
nooooora__psychology,💖💞☀️🌈Noora psychology
hanesk_0000,❤🌼kurd
shima_axy,şimä
somaye.zand.750,Somaye Zand
sa_la.r1363,SALAR
saharasadi6770,سحراسدی
tanha678962,
kosar_29385,
nazila.h16,
e.gh_120,EHSAN GHASEMIYEH
aminlo2,s
mohsen.ronema,محسن
mahdiyeh_k__a,ʕ•̫͡•ʔʕ•̫͡•ʔ
_iift_,̑ف̑̑ـ̑̑ـ̑ا̑ط̑̑ـ̑̑ـ̑̑م̑̑ـ̑̑ـ̑ه💛
09_38259,۹۳۸۲۵۸۶۸۳۲
ghasedzadef,f.ghased
reza.tebenouri2671,Reza Tebenouri
mohammad123459714,Mohammad naij
f8948a,♕༺ཌ༈fAtEmEh༈ད༻♕
mhmdlyhydry2978,محمدعلی حیدری
hom.aardalan,homa
surati_sh1381,😊BARAN😊
myrlynsyry278,امیرعلی نصیری
leilaba6262,leilaba6262
zahra716388,zahra71
p.f25055,parisa
kif_kafsh_parsa97,#کیف_کفش_پارسا
mohammadzaherzafari,Mohammad Zaher Zafari
zy_8915,زیاع
arshia.i.z,
arzansaray_sita8,سیتا پوشاک بانوان
a.z9803,a.z.i.n.
osameh_khavi_9572,ⓞⓢⓐⓜⓔⓗ
omidmohammad300,omid mohammad
h.z_8585,
saharf375,akram
babak_mahmodi_,babak_mahmodi
nikanparsamehr,nikanparsamehr_1395
fatima.husini,Fatima Hosseini
papitaher,Taher papi
siminzafari50,S.A
sajad.bahmie9090,sajad.bahmie
att.ajik,AT
___par__iya___,pariya
ghalbe_yakhi794,sokoot794
najmeh.san.bnd,najmeh
sahar.56127,sahar.56
mii.fatma.76,Mii.fatma.76
amirali1234567892023,fatane
arzhangkh,Arzhang
miss.frzi,•𝐹𝐴𝑇𝐼🌱
asalifatemeh74,asalifatemeh74
miina.5912,M I N A
aaaaammm1400,
deldari_qafoor,🇮🇷..mashhad?t?jam..🇮🇷
abodaneial_mosavii,Abodaneial Mosavii
rezaaa88200.k,rezaaa88200.k
bi.nam1241,binam
jmalmnshy,جمال منشی نژاد
elmira.k70,
daryoushgash,daryoush71
maryam3986963,maryam3986
sardare.del74,sardar
mohma_5425,محمد
b_ssv_t,z-b-⚘   تا  وقتی خدا هست   ریشه  هیچ  آرزویی  خشک  نمیشه .
somayeh_masoodi,somayeh
m6hsen,
mohamad_arevan_,arevan-mohamad
mohi_jalali_7691,(◍•ᴗ•◍) ❤ jalali (◍•ᴗ•◍) ❤
mousavi14_01,Mousavi.1401
poshakdel,poshak del
kosar.v.76,کوثر واحدی
8118shr,sahar
saed.mirzaei,saied.mirzaei
tkhstrh.smnm,kkkkmmkk
_zhrh_ch,zhrh | زهره
homira8881,Homira
termvg,xcvbt
christine_1383_12_12,Christian
albatros_43000,♠️🧸arezoo🧸♠️
bostan1997,Bostan1997
ali.mosivand1400,Ali.mosivand1400
vahidsafari2023,vahid.safari
khoram.931,khoram.931
negar_ghaedrahmati,NEGAR.RAHMATI
baran86262,ati.m.862
farangi5255,farangi
bhrz.sa,Bhrz
mansoorehbarzegar,
bhm6471,بهمن
nafas.malekzadeh009,
zein.oooo1995,zeinoooo1995
userr000_00,
smyhbnydy,ꜱᴏᴍᴀʏᴇʜ
dawo.d91,Davood Saeedi
asre_paeezi_4444,kaktos2
fat.b1375,fatemah
samiraliravi67,Samiraliravi
saberrasouli412,رسولی
toranyousefi0993,toran_yousefi
afsaneh.b.69,afsaneh69
kafsh_tak_omde,
charme_charmin,چرم چرمين
_haaniiiee,ʜᴀɴɪᴇ ꜱᴇᴅᴀQᴀᴛ🦢
amir.h.144,amir.h.1401
melinazahbi,شخصیت گران قیمت داشته باش..ملینا)melina
mehrmahi64,Mehrmahi64
maede_rahbary,احیا و صافی مو با مائده
zohre.emani.comm,z.i
morteza.9591,morteza
yal_da5045,leila
2719_armin,armin.hosini4
reza_yzdnii_,
golsorkh_as_m,سمانه محمدی
hasan_ebrahimizadeh,hasi
marziehgorji,marziehgorji
gsderjk9,gaderdhags
dytthj,elin
melodi63636363,melodi
ay.san973,aysan
goldenrose2090,
f_t_v1823,Fateme
shakibrahimi138297,Shakib Rahimi
arastoo6916,Arastoo
reyhaneh13792000,♥️یا فاطمه الزهرا♥️
f.ruzegar_ajib,(BAHAR)
neg.in7823,عادل
rigan6005,محسن
attuallahnawid,Attuallah Nawid
shakiba5858asghari,shakiba58
ngh2783,Negar
seyedsaeed.kh5,seyedsaeed.kh
nezarshni,Nezarshni
sohelmanavi,sohel manavi
raha_baneshi1395,raha_baneshi
maha50227248,mohammad
abo.l312,Abol
masghari51,masghari
faryal_bastak,faryal
setare_couture,setare
erfawn_sarli,🇮🇷تعمییر کار موبایل📲👨🏻‍🔧🇮🇷
minamor5590,minamor
raziye_marami,
z__n._.13__75,Zahran Nasebiy
masooud_khalili_,masooud khalili
javidbhmadi,Javidbhmadi
behrouz_abasian,Behrouz
ali860690,ali8606
namik_had_a_very_used_to_get_u,عبدالکبیر
hanaaaa51214124000,hana🌸salehy🌸نوروزتان پیروز 💚🙏عیدبرشمامبارک مهربانان🌿💫🌏🌞🌕🌟😍🙏
bilol124,★ ぢ ล ท ∂ น τ ★
kwrwshkwrwsh2,Hasan Parvardeh
salimi876876,Hanif
coolack77,Sorena Arbab
nya13871359,علی
hamid.hadian71,hamid
elhammtt,E.T
seyede_nafise,
mafya8797,yasi97
frhngnrjs,نرجس
f.a_65_91,s.anisa
gohartag_zebardast,Gohartag Zebardast
mohammad.k.952,mohammad
ahmad__shahrokhii,𝓼𝓮𝔂𝓮𝓭 𝓪𝓱𝓶𝓪𝓭 𝓼𝓱𝓪𝓱𝓻𝓸𝓴𝓱𝓲💎
nasrintehranii,نسرین تهرانی
alligator_5768,بهشت خواب شیرین جاعلان
wnasirii,
n.skandari1362,Negin Skandari Nikoo
zahr9390,zahra
lichking450,Amir.bing.bang
mohamad_abdolkhani4,(بالاترازسياهي رنگي نيست)
melisaaaghayeva,Melisa
darya.ss.abi,احمد دریانورد
m.kh699666,mandana khalkhali
aa2222.1,❤❤
allah_7474,allah7474
lebase__shik0,
saeideh4280,saeideh0🧘‍♀️🏔🍁🧿🌙📷✨
sahar73m73,sahar73M73
gohar_mohammad_,👑 ᎶᎾℋᎯℛ 👑
pari.nail.foman,کاشت ناخن پریسا
mina_8397,heydri💚
nz.9788,#NAME?
hamid.babaei88.98,kaz🏡
royaahmadi6888,
mehrane13561356,mehrane1356
shima__ardalan81_,shima
malmyrmslm25,mohsen
taha.rezaeian,taha
miss_rima16,rima...♡
madlo23508,Madlo2350
aaka.1401,ate mom
y993930,yomna
hossin_anosheh3_ap,hossin_anoshe
_stareh222,ستاره
alefkvz45,🖤
haji._.farzad.19,حسبی الله 📿
avina_140049,avina_1400
dr.f.tahmasebi83,dr.f.tahmasebi83
behzad.zahedi141,Behzad
mahdi_khazaii_,mahdi khazai
neda.mehrparvar84,Neda Mehrparvar
moojrem_,moojremＣ᭄
mehdi_alaaei,
mh.di9627,mhdi
117522m,سعید جادری
akbar_babaei_1990,Akbar Babaei
mh.dyr9829,مهدیار
abdallah.prkohi,Abdelah.67.45
yzdy3449,رحیم ایزدی
qrd492,Agha #Reza@
marzii_tab_,marzii_tab
toktaam9,toktaam
behzzadslh,behzzadslh
forogh._farahbakhsh,forogh_f
akashehdariush38,dr.a.kashani
tasdigh__sokhan,Belief
niyaesh.22,niyaesh
_mrymdlawar_,_mrymdlawar_
hosseinriki82gmail.com_,حسین ریکی
rzaw_h,
mortezamohamadi414,mortezaMohamadi
elaheh_kiyanimanesh,kiyanimanesh
leilimehregan,
mosiyo.2004._,mosiyo
wahid.kalantary,Wahid.kalantary
amirabas978.f,amirabas978
diana_659399,Diana
masomeh6136,masomeh
eng.mohamad.hashemi,Mohammad
han_if1379,You
_sogo.lii_77,( ˘ ³˘)卍fαтємєн мєняzα∂卍
behroz.82.51,behroz.82.51
mms.4960,mory
behnaz2473,Behnaz Shakoori
mohadseh442,mohadseh
mehran_6330,mehran ahangar
zhy9627,زهیر
amir.fallahi0,amir.falahi98
pyman.rangbar,pyman
hamed_salimi_5556,hamed salimi.
zahra_raeat,zahraraeat
2779mny,مانی
zynbkhlys,zeinab_kh
saheldarya2066,saheldarya
ejbare.2734,kabera ejbare 2734
maryamkeshavarz85,
edit.artiist,edit.artiist | ادیتور
nimapazouk,nimapazouk
mahbobe9297,mahbobeh
mahmood282202021,محمود
mobin.p83,mobin. m/p
_sanaa__pv,
ebr.m10,Ebrahim Muhammadi
s_.zareee,Zare
bahar.13719242,z.h1371
nazanin_mtlgh,Lnaz  |beauty Trappist
osameh3039,arman3039
fardin_moosavi8,Fardin_Moosavi8
maryamm._pr,maryam
mahnoosh.shahbazi,مهنوش شهبازی
arsiya.5194,Arsiya. 5194
ali_fra890,ali_f6578
zahra.z3007,zahra
fr.mhmdsbry,محمد صابری فر
__roghayeh_m,♡
adnangavili90,عدنان گویلی
s.malekiy722,
rogyeabdolibari4,rogyeabdolibari4
sunrise_in_morning2017,Mina2017
modennamio,modennamio
jafari_keyhan,keyhan jafari (alireza)
mazyar_rayan_miad,mazyar
alipor9320,ZAHRA ALIPOR
mahtab_sa30,Mahtab sabbaghi
missmar972,miss_maryam_asadzadeh
kazhal__68,kazhal-68
hoseini.habib,حبیب حسینی ... [ ايـــــران ]
miriii57,siavash
darya__055,𝗗𝗔𝕣𝕐𝔸
mahshid4425,
mhmdlwy4858,محمد علوی
zahra32896,Zahra
msh5.27,
y_alvani,Yaqub Alwani
86marzi,Marziyeh
a6299098,امیر عباس جزی
dr.iraj_zamaniyan,Iraj Zamaniyan
khaledyan137,کورد💓✌️💓✌️💓✌️
mina_45995,mina
tanasob_andam5869,aniseh
elnaz.1662,ELNAZ
amirabas2566,amirabas
7494hamid,Hamid Hagigi
98h_asan,حسن
joojooooooo.2021,سحر
shahin_mirzapour_,Shahin Alimirzapour
adel.azmodeh,Adel Azmodeh
frznd_e_kaveh,Ali Reza Daniyali
masume_katanchi,
akbar22900,akbar.azizi
r.majd60,Rghe Majd
farz.adagayi65,
nazfada2020,Nazfada
taghizadehreza240,rezataghizadeh20
zahra.akbari.76sun,زهرااکبری
a.__________.j80,‌✞༒ⒶƑşά𝓷єⒽ.ⓙⓐⓗⒶ𝐧༒✞
mhla13932,mhla139322
hadi.khoshghamat,hadikhoshghamat
mhrannyby,Mhran
musavi931,Somaye Musavi
rrr000152,RRR000
mohammadhosen2771,mohammadhosein.8.8
sarah__jan32,sara mehraban
activemobile974,ASALlll
raeisi20210,
m_660200,
maryamsadat.h7150,maryam.sadat
nhj7954,H🌹amed❣️❣️❣️
hameddd.bagh1,حامد باقری
javad_h_1488,javad_h_1488
k.maryam5,
parsakrd692,parsa_.18
setgcffd,♥M♥f♥
reyh_aneh74,Reyhaneh
mehrfersht,Elnaz
ati___778,Ati Karimi
xhdfffgcgv,
nila.shop077,nila
bahmanegbaljoo45,bahmanegbaljoo
12345_678487,جاوید شاه بلوچ
yazahhhra,fatemeh
r.doooooo7,R. D
arsam806600,arsam806600
sedhosseinmoortazavi,sedhoseinmoortazavi
elyassabouri29,elyassabouri
khayalll124,khayal
saman.papari81,saman 1381
dayako1234,ժԹʎԹӄԾ
naaz_sh27,nazanin
mahsaamani95,mahsaamani
isaamin07,nafas
amene5347,amene
mt7470,mohsen tavana
z.rezaei33,
omidfardaa,omidfardaa
kakh_arrus,
m._baghii,باقی
daniyell.isf,daniell
sodabe_falahe,سودابه
sajjad_rayi,
vitaamin4,mina
marde_perspolis,marde_pers
shwshtrymjyd,مجید شوشتری
amiram20071,amirr
sangsabor8500,سنگ صبور
mohsensalimitlc,mohsentlc
sara_28580,Sara ❤
miladhosselni,milad-hosselni
m.soleymani_032,ya.hya911122یحیی تمیمی
elhamsh40,Elham SH
based.6449,based.6449
nafas.136461,nafas
sydkhzm3042,سیدکاظم هاشمی
saratia3532,sara
sajad_tehran79,s.sajad_tehran.79
rezadvr,Rezadvr 💙
aftab_h0,aftab-h
po.lat3994,polat
zarokm._7931,_m_
rozegar_6871,
solemine66,سلیمانی
roozmajidbaloochi,majid baloochi rooz
m.abba3i99,m.abbasi99
korshedvand_,Khorshidvand
fatemeh_gatii,fatemeh_gatii
miss_goli465,miss_goli
___shafi_hamed_zay,"،۳۸۹۴۶۷"
ehsani.shivaa,sh.ehsani.ارایشگاه مروارید...اوغان...
alham_taban,alham
esse_khan_,esse Khan
zahra_25687103,Zahra solaimani
mari_javadii,mojtaba_javadi
vahidabdali855,vahid Abdali
matinab56682021,matin
ahmadfh69,ahmad fhim
exir_negin_jonoub,اکسیر نگین جنوب
nyz2462,فراز
prns520,گوزل🌙👸😘
glzry774,محمد گلزاری
cin_text,"سین تکست،گیلان،متن،دلنوشته،عکس نوشته،کلیپ"
younes1235817,
hakimehmovahedinyaa,h.movahedi54
ma_hey._,m.h
samaneh._.133,samaneh
hajar.asadi86,hajar.asadi
mohammadrajabi758,mohammad
mala.ke177,Malake_Tanha
25734lila,Lila
amirgh5294,amir
1990.reza.mlaierdi,Reza Malaijerdi
asrafaraje3,asrafaraje
mhmdmhdy.7344,سارینا
mynkhwhwly,امین خواه ولی
nasr_narooiii,ناصرنارویی
alireza._.chopanian,
forogh5153,frogh javid
5976sahar2022,sahar  goli🌹💐💞
mjdhrzqy,مژده رازقی
hamidhasanzade9,Hamidhasanzade
ali_mohamadi721,Ali💪😎👑❤️
miis_hm_,misshameverd
radvin1420,radvin
mahdiyeh.taghavii,
iran1359_abdi_,iran1359_abdi
janebi.amin,فروشگاه لوازم جانبي امين📱
gailan_shimal,gailan shimal
da.ria214895,Daria
alireza._.pdn,ﾑﾚﾉ尺乇乙ﾑ
saye696900,
reza__19131,reza
mohadeseh56568,m.gharehbaghey
al.irea9789,alireza
asra.3955,asra
e.gh_63,elham.gh
majed.hossinpor,majed.hossinpor7365
nafi.sesh,nafise
alizadhe.vahid,vahid alizadhe.12.17
bakhtyari8086,
n.i.k.i.mah,mahbobe_nikmanesh
farngmuyi,فـــــرنـــــــاز
moufatazi,mounes
mahbubetqv,𝐌𝐚𝐡𝐛𝐮𝐛𝐞 𝐓𝐚𝐠𝐡𝐚𝐯𝐢
mahsatak2021,MAHSA
rahmaniii332,rahmani
taghi.haghroosta,taghi.haghroosta
fatemehs_1360,fatemeh
so.maye5571,🥰Lena🥰 yani zendegi💕
amir_razi8283,پیج موقتا بسته❌️
ebimirshekarpour,ابراهیم میرشکارپور
ez.zat531,ezzat
ashtari.s2,ashtari.s
kalhori13991013,دخترم دنیای من💙
tuba_haghsh,tuba
molanashams2023,
ra_sol_ali.shahr.kian,rasol
hoss_einmohamadzade,hoseinmohamadzade
aseahsan,ahsan ase
kayvans13,Kayvan Soltani
soyln.1571,amin
l99_09_22l,❤️
z.kh.gh_110,z.kh.gh_110
asgharpoor.lawyer,Raheleh.asgharpoor
__mehrdad__shahroe__,Mehrdad Shahroe
nahid.el2,nahid.elhami
6405.mehran,mehrana
gyfb.kohh2022,esi
istoresanandaj,istore sanandaj
mmbahar.27,mm27
mahi_s_4955,m
maedeh_beauty.s,𝑴.𝒔𝒂𝒇𝒂𝒓𝒛𝒂𝒅𝒆💎
sa.heydarrriii,S. heydari
farahnaz_davoodiiibaharvand,fdavoodi
hamide_263,hamide_263
s_mollaea,Sedighe
rehab.22.33,
mahoor_artist2020,کلینیکِ تتو
mahan__big123,
1234hashami,zohreh hashami
razzieh.bidoki,راضیه بیدکی
mohsen.miri73,mohsen.miri
narjes.1256,Narjes
anitaaa_5042,❤️anita❤️
hossein_moradi28,حسین مرادی
shaha_bshahad,شهاب
mazdak_iranifar,mazdak_iranifar
kosar.ardalani,𝓚𝓸𝓼𝓪𝓻 𝓪𝓻𝓭𝓪𝓵𝓪𝓷𝓲
mahsima_zamanian,
shokkofeh.dh8306,shokkofeh.dh
arez.mr,arezo.mr
balochestan209,farhad
saraazari6687,sara.azari
shah.javad.051,javad.fazel
mo30_1374civil,mo30_1374civil
hanie.am3,Hanie.am
farzanemakivand,farzane
sra_ab__,SR
mina9.90i,Mina990i
mohsen_khalaj2,mohsen
taleb.taheri78,taleb_78
hamid.sirik,🇦🇪hamid🇦🇪
pesar_aryaei_10,"اسماعیل خداکرمی،،🤝"
golkhaneh.omid,
yalda.mastane,yalda
mav_avn1234,.
h.shahi025673,h.shahi02567
ehsantavalaii,Ehsan Tavalaii
nikdelmohsen848,nikdelmohsen84
mh_hej,✨
z.fallah401,z.fallah
fo.xn3,fox
ask_nd_rr,
behnaz.nurse62,Behi💝Naz
darywshymhmdrda,میلاد
ttttt123739,
faroghe.2195ok2,faroghe.2195ok2
mojdeh_zohrabi,mojdeh430
mosavi__33238,mosavi__33238
sin.abamri,🌹🌹
koolak22418,Milad0909
7566setayesh,Setayesh Khanom
moslem_teymoori_kashmar,
nazila_nagizade,nazila_nagizade
m_pishadast,M_pishadast67
mehran__abdollahi1375,مهران عبدالهی
anil.046,anil
amirh.eb,Amirhossein Ebrahimi
arezo_hhn,ارزو
sg.ry5801,عسگری
tge12.tabriz,آ تقی
hamidmehrabi40,hamidmehrabi
stock_ajami,استوک عجمی
ky.sam.safari,𝐒𝐀𝐌 𝐒𝐀𝐅𝐀𝐑𝐈
zhrabhrwzy17,زهرا بهروزی
ehsan.s32,
maryam_ezaati,maryam
maryam_ghaasemii,m@ry@m
rezzam113772021,علی رضا
aminbakhtiari2rod,aminbakhtiari
s.moradi.8375,☀️@💫
shilan11222,💫 Shilan 💫
f_____ateme.egh,fateme
mohammad96924,
a30yeeeh,asiye
alialbosabih,alialbosabih
z.a.hra.soleimani,ZAHRA
marzieh999897,marzieh 999897
alireza_nakhaei55,alireza_nakhaei55
taha.ghasempour2,taha.ghasempour2
alirezad.m0012,a.r1355
zanganeh.78987,zanganeh
leila44176,Leila
ms_wmh4585,معصومه
bsyd1245,باسید
leda_1411,لِدا
zeynab.shz7,zeynab.shz7
vala_698,Vala_69
romisa1385233,romisa1785
aidin.6498,aidin.6498
maryam.omidi.52,mary.mary52
masomeh.mehran,masomeh.mehran
soltaniy.s,"Mashhd,iran‌‌‌‌‌."
sa_ra_jon65,sa_ra_jon65
khoshbar.sharifi,
darabipari7,دارابی
alikarimi9125,ali-karimi-1380
esa_angoty,
_mohammad_afshar_,mohammad afshar
sogl375,
yasserfarajimalekshah,yasser faraji malekshah
ma.nsour6517,mansour
h_ghazanfari30,h_ ghazanfari30
khatooondel,
zsadat713,S@dat
melika__mahan1397,bagher‌
navaye_saadat,‌‌|سعادت|دکلمه|شعر|موسیقی|دلنوشته
mojtabaasaeedy,mojtaba saeedy
f134492,fatanehabdoli
farshid_najafi,Farshid Najafi
a_m_moradiii,a-m-moradi
katayon.7774,
markazihyper,درب برقی
rasol_bamiri,R@$ol
donya.abrahime,donya. abrahime
ali.akbar.shams30,Ali
sorayahoseini968,gazale2898
fateme.nazari478,🎈༒ᶠᴬᵀᴹᴬ༒🎈
zist_parizad,مدرس علوم تجربی و زیست
roohollah292,roohollah
ziba787815,
kowsar297,kowsar
queen__mold,مولد 🎀 مالد
mahmudmaniei,محمود منیعی
theworld.offood,the world.of food
mehrbanoo.a.57,Mehrsa Hfu
delar4m_,
mkan_ik1111,
alizadeh_1657,aziz
abbas.ghaderi421,abbas.ghaderi4218
building.housee,خانه ساز💯
mansoureh.shirkavand,Mansoureh.shirkavand
zahra.v_p,•<Zahra>•
ali_m75966,ALi
tm.m3681,tmm3689
zahrashirazi143,zahrashirazi
vahabi_r.68,reza vahabi
mohamad_jounian,mohamad
akbarzadeh2018,mmd rza
bardbormahtab8,bardbormahtab
sephr_sohil,sephr sohil
arshe.ya1389,arsheya
r_mansori64,ronak.mansori
samira._razi,✨مامان سمیرا✨
arezooo1861,arezoo
gh.z1357,@z♡gh
drmostafatorfi,
deaf_mojtaba_iran,👑🤼‍♂️mojtaba deaf 🤼‍♂️👑
armn_mengal2,آرمان مینگل
_ali_.norouzi,ali norouzi
sherryks9,Sharareh
mehkyruh,amir
ma__a.m__m2030,
mahdibaghri2004,mahdibaghri2004
mahy.a60787,
p4yam7,ahmad.payam
darabi__55,esmat__darabi
pkrry_4040,P.p
marjan16551,Marjan Sarcheshmeh
alipour179,Behnam Alipour
hes__khob,hes__khob
hoseini9449,hosein hoseini
reza.sh.shiraz,reza.sh
synskhry81,سینا عسکری
bagh_e_shirin,باغِ شیرین
vahit._.baran,Vahit
mostafa.emadi61,mostafa.emadi61
mohsen.astarakii,M. Astaraki
r.aheleh0027,
abbassi_azam67,ⓐ𝒷𝒷ⓐ𝕊𝕊Ɨ ⓐⓩⓐ𝕄
maysamnour1404,M£¥$@m&Shabnam🤵‍♂️👰‍♂️
javadmortezavi9811,جوادمرتضوی
haj_mohammad1370,Mohammad Hosein
ali__saeidi__965,Ali Saeedi
misa.ghf1905,misagh.s1905
temena99sabegi,
azad.1128,a.....
marziye_z1707,marziye
m.rahn9,m.rahmani
ahmadi.m688,Ahmadi.m688
khodayi87982,nayyer.khodayi8798
asgari.z,zahra
yadamtorofaramosh.0110,باتو قشنگه
mhmdytymhmd,محمد یتیم احمد
raza_sh_1163,reza
kolpah28,kolpah
fatemeh.khajavi65,Fatemeh Khajavi
a_mohammadzadeh4141,a_mohammadzadeh4141
zandhesami,mahshid zandhesami
bag__j,bg.gha
najla137336,najla13733
yasynqasmzadh2,yasin117
soolmaz827,soolmaz
chiiiigol,dltkh🐁
asma41357,
hasti14695,hasti
elhamezami60,ElhamEzami
zahra_azadkhoo,
shahrzad.5360,♕♕♕شّهّرّزّاّدّ♕♕♕
chamanihabib,فقط خودت باش
sima.kkkkkk,روزهای عمر عجب زود میگذرد
adelekemuiz546,Adeleke money 💰
zafgr78542022,محمد احمدی
nahid_golbarani,ناهيد گل باراني ( نماينده بيمه)         Insurance Agent
nadia3058gholizadeh,Nadia gholizadeh
eshi1326,Eshrat   Banihashemi
habibi.__.mv98,habibi-m.v98
maryam.safi61,maryam
gorbansafkar,gorbansafkar
sr.h567,sr.h
bahar60968,bahar
glshb129,glshb12
mohsen.s.r.h,Mohsen Pirvand
aynh223,aynh
niloufarghanbary,Niloufarghanbari
farid.chshi,farid
2458samear,سام
komiel_ss,komiel.Ss
pesar.aryaei_10,
siavash_msm,siavash
mina.feyzollahi,mina.and.sami
aassd_d3682,شاویز همدرد
moghadam199202,جواد
mahdi.abedi.1387,mahdi.abedi.1387
zo_hreh1116,zohreh
soltan.6616,soltan6616
setareh._.707,setareh
mehr_k.63,MEHRI_karimi
parsamsv135,🌹
emad.6246,emad . f
zibaykhofte68,
nasrin_dashtian,نسرین
sh.61818,s.@
fariborz.ahm3,fariborz.ahm
meysam.mobarakiyan,خدا بابا
nasiry97000,IRAN1400
behnaz__talebii,به نام بی نام او
mahyapoor.l,mahyapoor.L
_hosein._.sa2,👑𝓗𝓸𝓼𝓮𝓲𝓷👑
hajarkamali_,Hajar@kamali
clinic.dental.mehr,کلینیک دندانپزشکی مهر
afh_1606,Af Hmi
dozzandegiotomobi,foizandegiotomobil.raf
dr.mehr90,Z.Mehr
mahmoudi655__,Art 🎨
kazem16191,mohammad
samira_vossough,semiramis
anarchist_1984,A.N.J.M.1381
dans_tout_paris,
ebrahimgholamibargani,ebrahim gholami bargani
hamedkhojasteh64,حامد خجسته
delneveshteh9393,delneveshteh
haghi6743,Mehdi haghi
abbas_jafari10378,abbas_jafari1037
yusef_2580,yosef
tanha1234561poi,tanha
mohamad_reza7122,mohamad_reza_7122
jila_sheikhi_nail,jila.67
mo__nia_zari_,‌
yazdan3668,yazdan
shahrdari_khoramabad1401,
sorena_5872,
khlq.ry,خالق ری
laaak372,laaak372
mary__shiri,mary
ra.niya46,Raniya
behzaad_ghalavand,behzad ghalavand
mobina.art.painting,bakhshayeshi
parv_aneh18,
ali2.28380,علی رحم زارعی
raziye1983.rezaei,Raziye
jmshydlyzadh700,جمشید علیزاده
m_ghasemi1362,
beti_10_67,B♡1989
farnaghi_minaa,farnaghi_minaa
dehkadeh._.aramesh,
zynbbkhtyry78,زینب بختیاری
pr.ghrmany,تیارا.قهرمانی
pari.rahimi.98,p.rahimi.
mm.hh.159,mm.hh.es
mithridatesghaderi,MITHRIDATES GHADERI
b.hamzehloo,BEHNAM Hamzehloo
naser_rostami45,Naser Rostami
lkkjhgffddsaaaertuioppgfddd,۹۸۷۶۵۴۳۲۱
sadees1400,sadees1400
keshmesh_land_malaki,کشمش لند ملکی  //بزرگترین مرکز پخش و فروش کشمش آبگیری مازندران
delaram.479,delaram
omidvar7737,fariba omidvar
mohammadhosenzari,Mohammad Hosen1587
hjry.lysgr,علی اصغر هجری
farjamfarzam67,farjam
reza_k.b.c,
hassan.ravan00982,حسانوک
princess._elnaz.xdm,parincess.xdm..
_mahshid_77000,mahshid
mhmdnrwyy9689,محمد نارویی
9938.ys,یاس
behnam.j56,behnam
paris.zan.zendegi.azadi,Paris
gg_fateme,Fateme gg
_farideh_mohammadi,farideh_mohammadi
ramesh000fakor,ramesh
moha.mmadnabifirooz,محمد نبی فیروز
lqman9645,عبدالله درزاده
bolhasaniabolfazl13,پیرایش پرشان
fatemeh__dehgan,fatemeh
ahmad_aghili76,Ahmad
n.a.z.a.r.iiii,💛💜💙💚💟
bara._dehqan,
m.ahrari96,Maryam
paradarestani,para darestani
rahamoments,R A H A R O K H S A T I
somaye_zonozi,s__z__z
masoud.8368,masoud
masadoghiyan,ma-sadoghiyan
mmsalar7007,M
amir_tayefeh__,Amir _ Tayefeh
mhnz_shoukati,Mhnz_Shoukati
hjt_7069,حجت
amirhoosin2807,امیر
ezatishadi90,Shadi Ezati
mmszztlr,content://com.android.chrome.F
afshin.abdolahi1377,afshin
minaariya9,minaariya
mld.rje,Milad Rji
vida_mousavi68,v!da
ssm.4017,S.S.M
_rudaki_7746,7746 Rudaki
roshanakabyar,
mahdokht.beh1349,Mahdokht.beh
hmati6268,‌‌asal
shirinnadery,shirin
sarinaa__74,Saɾa.Eqtҽɖaɾ‌
mina65ar,نور بر تاریکی پیروز است
sokhra7794,S
sokootsard.h.m.p39,
mrs.somi4533,mrs.somi
_majidhemati69,مجید
mohamad_bagher1997,#محمد باقر كشاورزي
zahra63_ashk,.....
farzaneh_shd_,farzaneh
eshraghian8085,r🌷🌷
kohestan2557,ali.reza.b
mohamad_alizadeh_barber,
sammontazeriofficial,سام منتظری
jamalchatrsefiid,jamalchatrsefiid
farsh_seyyedan,mostafa
nilofarx7433x,nilo.h.ilam8
armita.j93,armita.j93
zahra_jamshedy,زهرا جمشیدی
najmehmosallanejad6,najmehmosallanejad
bardiya2119,
ataraeisi,
f4riii_69,farii
mary.h.love,Maryam Gh
pharnaz_ghasemy,
zahra.akvan0,zahra.akvan
iraj.moazeni021,a.moazzeni
z_yaghubi,z🅰️HR🅰️
glwf19,گل وفا
alireza_da_a,alireza
tahazareh1390,taha zareh1390
saba_mahmoudi,saba
zari137624,
sogand_jur,sogand_jur
zara__dehghani,⋆   𝒵𝒶𝓇𝒶
iransdaughter111,Khanoom
javaher553,javaher
abas62dolati,
masoumm_1,masoumeh
zarajsjdjsn,
khaterh12345,...?'
zahra_kyanimahr,وقتش ک برسه حتا توعم پرواز میکنی🦋💙
a.k9299,ahmad_kornokr
f.alizadeeh48,f.alizadeh
hosseindaviran78,حسین دویران
iminorigi,mino
navidkia.mmm1454,ilunga....
golha484848,golha
mm6789507,mm6789
fatimarabei1401gmail.com3,fatimarabei1401@gmail.com
yaser.gh31,yaser.gh
minamaliki29292019,خدایا شکرت🙏
smr.9497,سامر
jav_ad6928,j.a.v.a.d2020
hematisafora,Safora Hemati
emran.kavesh,emran khan
agh.abaloch,m
banaco.51142021,m.s
buye_zendegi_,zarimaman
reza_gharib_kojoori,رضاغریب کجوری
shaibanifarkhondeh11,taraneh
basgol20,miss .beg
wegedf4533,
moazni96,M
so_mayeh8264,somayeh
alirezasoltani1390s2022,علیرضا
mohamad.shad7788,mohamad.shad7788
hasan.mirzahoseyni1361,hasanmirzahoseyni
amir_lorestani002,امیر لرستانی
anitabolhasni,🧕Ana🧕
__parii76__,p@ris@ Nasehi
nahall_26,nahall_2469
mrymhjypwr1,مریم حاجی پور
_li.nika.il_,nika
avaanahatami,avaanahatami
setareh81722,ستاره
kordi_8165,s.kordi
elahebano1391,elahe
zohreh.ghaniean.am90,🌺z.gh
pyramid_scarfmilad,Milad Rahimi
miladkazemi706697,MTM
banoo_mh44,MADAR/
samira.shojaeii,samira
soheyla.jafari.01,soheyla.jafari.01
roghayehhh7474,roghayeh
saba.b68,saba
mani.gp.670,مانی..ق.پ
qt_shyl,سهیل قاطع
s_z1197,
saeed_ranjbar_1997,saeed
monakia464,mona.kian
__ali_khamseh,ali
tab.1505,tabasom20
aziziartgroup,azizi art group
mhsnghf,Mohsen Ghasemifar
nsmfrz,N@CM
z.abdollahy,Zohreh
vdaa.nbvi,vid@.nbv
samiira.arj,samira👑
khodatars.43.65,•khodatars•
ggalavizh,Galavizh Gholami
farid_singular,farid64
nqylwrqyh,رقیه نقیلو
sfln50,صفاالنيه
neda.neda136,naa .mrjae.136
alirezanaseri70,alireza-naseri
helen_2023_kh,he.kh
soheilradsaadat,soheilradsaadat
iz.zahrra,💤🧸
sahel.yln,
m.k.abolfazl,
zahra_ata7577,Zahra_ata
go_lab_,golab
mori_irani,mori
fatemeh.p912,فاطمه
nahid45a,nahid606
mahdiyar.2080,مهدیار قربانی
ns.yry82,نصیری
maryam.reisi_,
n.paidar.68,
mobin_bagirpor,mobin^^
faezeh._.njd,faezeh 🎨😍
izeh_sargarmi,ایذه سرگرمی
zarf_daytoday_valter,zarf_daytoday_vallter
elahe661262,
nadiyazahedi1,💫nadiya💫
m.a.s.i.h.ka,Masih
s.ali.nejad,s.ali
arearigi2019,pariyaa
nnnhhh5505,
mahtab.dessert,mahtab_yadegari
sadaf_sabz,sadaf
r_shahabadi,shahabadi
zhrh.2423,زهره
negin_227218,negin_22☺
mohsenbasri,Mohsen Baseri
mahdialmasiiiiiii,Mehdi Almasi
abdali3659,Ali abdali
sheyda_akbari5,sheyda_akbari
sar.nm90,💫
zahrasdt_,zahra
1913.yasin6,یاسین
abojasem0098,abojasem0098
masoumehkarimi33,Masoumeh karimi
sa_.mi39,sa.mi
ron.aldo72022,
d_h_d_n_a,ff
b.fathabadi123,
javadfazly4,♪♪ ʝԹעԹԺ ♪♪
mahmoud_vahedi4,mahmoud_vahedi
lati_f1363,Latif
malek.chabokroo,malek.chabokroo
khamakord,Khamakord
zia0201,0102ضیا
fariba.b84483,آراد
mortezaiemehrdad,mehrdad mortezaie
maedeh_abrishamkar,MOM♥️ARAD♥️ROSE
mahsa.rz7498,
akram.nabifar,akram nabifar
zarin_malek,Zarin Malek
alicheraq,Ali cheraqi
wwyueoid,
amirhossein_beiran,Amirhoss3in Beiran
pasargad_1351,mahin behnezhad
wwwwwkjggg,امیرحسین
hoghogh_bashar28,Justice
mhnaz_7475,mhnaz
alishanaghi007,ali shanaghi
merim3868,merim
hamedpourtaghi1,Hamedpourtaghi
hosenngahbanmashhad,حسین نگهبان
ati.m7452,ati
gol.hatf,hatf.gol
alireza241365,Alireza 241365
ta.te.1,t.t
javad_ejr,javad...
keyvan_r7,Keyvan Rasuoliy
banooi.lorstany.dar_2__rod,
miss_.9090,sssssssss
raaaaa432,
golbano_99_,شلوار سرای گل بانو
mohamadfooladiiii,mohamad fooladiiii
e.d.i.8896,یک بی گناه هم گناه
jaffaarrrrrr,werthuib
king_ragnar355,
habib_khalaj,حبیب
maryamahanjegar88,مریم آهن جگر
mary.korosh68,Ⓜ️@R.Y@Ⓜ️
m.b.4699,m.bigy
yalda139774,
vahab_narouie,vahab_narouie
maryam.d035,maryam
abolf_az15219,karen
elahe.baz.2,elahe.baz.
sara_delkhah7,
mostafarad3697,mostafa rad
elham_hana2021,ᎬᏞᎻᎪᎷ @ᏦᎻᎪᏞᏀᎻᎬ
_leila_hoveizeh,leila Hoveizeh
raziyeh_d_h_y,
zenglishtube,rose
sadmstafa6,محمد حسین
bahman_iran14,#NAME?
madarjanbito,مادرجان
behnam.safdarian67,b.e.h.n.a.m.48
tyb2604,تیبا
mohmad001s.i,Mohamad
haste.n1,haste.n
parastojon,
mastaneh_sayadi,کالای خواب حنا
le__beiranvand,
mostafa_lashani1371,Mostafa_Lashani
mehdiyar_lalayi,Mehdi Yar
firoozkiani58,mohamad_parsa
frasidi51,
jafar_siamak,جعفر علی سیامک 😍😍😍😍
oksijen_cafe,علی کافیمن اموزش بارگرم وسرد☕
le.ila4786,leila
hatamipouya70,pouya.hatami
erfan.ataeiii,𝒆𝒓𝒇𝒂𝒏
mahsa__g15,mahsa mahmody
foad.hm75,foad.hm75
amir7080_55,amir
n.pari_6149,pari.naghavi
fariborz_ahm,f.a
kiti.sport,"😻كيتي اسپرت،لباس زير و پوشاك 😻"
somaye_a_11,⭐somaym⭐
nasermirzaei981,nasser
helma.norozi69,Helma_69
sror_karimi,sror_karimi
rasouli12864,f_rasouli
maryam091114,maryam .m
mrymj6261,مریم
instaclip888sam,
vahidcheraghi59,وحیدچراغی
kazemabdol13703,kazemabdol1370
masoomeh_salehi1974,𝑴𝒂𝒔𝒐𝒐𝒎𝒆𝒉 ✨
nikbakht_sajjad,sajjad nikbakht
am.70ne,ب جرم زندگانی حرامم شدجوانی
faheempull,Faheem Pull
1029qpwoooo,Hamid Monfared
lemon_fingerfoods,lemon_fingerfoods
mitra_.yazdani,mitra_yazdani
karimzadeh.razieh,razieh karimzadeh
qqnws8919,ققنوس
mmahsan_skincar,mahsan.sh_skincar@
its_about_mandana,ENTP
sanaz1397_elin,خدا
rmmpg1,rmmpg
mohamadtaha7731,mohamadtaha
abbasfa461,abbas
yosef_rezapor_afshar,
mbcjfdd,کاوه
hossin_soleymani9,Hossin_soleymani
mo.na3863,mona
mojtaba_._p0208,bushehr
f.tabatabaee1370,fatemeh.tabatabaee70
1634slz,solmaz
mehrbanoo_razmjooie,Mehrbanoo
ryhane1066,ryhane
33_kardani,کردانی
bavandpour70.07.17,Kazhal
arsalan.panah,arsalan.panah
ywrdrby4,یاوردارابی
parvane_mahmoodii,محمدم پسرم
mostafa.mp7369,
mehdikolahdoz98,mehdikolahdoz9
nasim.st_73,nasim.st_73
e_ebrahimi1990,Elmira
roya5197,Roya
yousef.31_dubai,yousef.1618
reyhani.hojat,hojat reyhani
mah.8290,MahRokh.Sh
negarahmadi9922,Negar
amirabediiii_,♤《Amir abedi》♤
radan179,🛑 رادان 🛑
marymkianii15,marymkianii123
nushi855717,
ntharm822022,vahid
a.bodaghi1990,خطاطی
pers.polis202110,perspoolis
r.farjam2517,r.farjam
rahdar_markaz,
mirlashari.m,mohammad.mirlashari
faryad.3190,samaneh.mohammadvand
foroodafshari,Foorod Afshari
mohamadpormand2020,𝑀𝓇.𝑀𝑜𝒽𝒶𝓂𝒶𝒹
vhhmmj,vhhmmj
adel.fotouhinia,Adel
rezaroxan1,rezaroxan
mohammadreza.teymori76,mohammadreza
zahra___hoseyni,
n.c.o.afshar312,naserafshar
farhad41334133,farhad4133
mosaaaav_masiii,M@$¥
fk78904,
fh.mardi,
____kord6113,1361
nilo.kh86,
mohamad.ehteshampur,mohamad
be_st7651,best
khas_bakalam_1,khas_bakalam_1
banoye.ordibhesht_,👑banoye.ordibhesht202👑
marziye_sadrii,marziye
maarii6562,Maryami.s
_leila_a7599,
simmin.qasemi,simin_qasemi
zabih13672,zabih1367
bahnamamini71,bahnam amini71
ali.mahki37,علی مهکی
bsshryfy171,عباس شریفی
abolfazl.shaery,abolfazlshaery
rezaii2315,reza rezaii
mina.aabdolvand,
shadmehr.1_a,سلطان
aziz278365,aziz
nayerh563,nayerh563
ramin.hasngolian,Ramin.hasngolian
ll_fathiyeh_ll,ll_fatihe_ll
saiedshakeri,saeed shakeri
ahmadreza_mo53,ahmadreza_mo53
kitchencabinetsafari,کابینت صفری
asma.salehi.nails,ناخنکده صالحی
ali.eskandari.chtl,
shimasalemi96,شـیـما سـلـیـمـانـی 👑
taha_rezaiyan,Dr Taha Rezaiyan
rgwn.dnsh,ارغوان دانش
rre9399192021,reza
r.shojaei.91.95,raziyeh.shojaei
sarao13804,sarao1380
fbf.alp,farshad.gh
reza.kolivandi43,reza
reza.fatemeh993,F.r
keshavarzidaliki,mohammad
elham____a_e,m@a
mikimos1666,miki
moen0871,moen0871
hamedsahari669,hamedsahari66
ka.mi1573,امید پرستار عاشق طبیعت و زندگی
zby1429,زبی
leila.9689,leila.9689
83.mt10,Matin Nezhad
haghiahmad_,ahmad_ haghi
shahintatari,Shahin Tatari
setayesh_h_majd,𝐒𝐞𝐭𝐚𝐲𝐞𝐬𝐡
msaafaa,F
mojtaba.fa6711,mojtaba.fa6711
sedighe_kondory,sedighe_kondory
hrigi2826,hadi_0316
mina_hu3,
hamid_keshavarz00,hamid
ali.koshki70,ali
rahim_keshavarzii,rahim keshavarzi
mhmd.salari6,
hesari8601,reza hesari
pouran.abdolvand8,pouran.abdolvand
amir_aslani76,amir1376
koroshhamed64o96,koroshhamed6496
fereshteh.7722,فرشته‌
_mezon_rana,🧷مزون رعنا
elaheh_76_hsnz,
khanomane_movafagh,سیاستهای همسرداری ومادرانه
amin.hi3133,Amin
nasrin_saei.a,nasrin
lidaehsani75,lidaehsani
fatemehheidary3428gmail.com_,فاطمه
nasrinsadeghzade,
ehsantabatabaei2896,Ehsan Tabatabaei
amir117778,amir_ S
m.x.z.83,A.b.c
mahdi.ascari,mahdi.askari
ahoora_roshanzamir,❤اهورا❤
javad.galavi8814,Javad.galavi
mohamadreza.fathali.por,Mohamadreza
baftt___nahid,baft
amirmomeni_75,𝐴𝑚𝑖𝑟❤︎
zahiri_rasoul,rasoul zahiri
a.solitary_world,sara
mohammadhossin7027,mohammadhossin7027
afsanhe6,afsanhe
mah.sa908,
atenaesmaili002,Atena Esmaili
yashar.oroj,yashar.oroj
z_ahmadi.61,Zahra Ahmadi
amrolah4472,amrolah
paul.mansur,Paul Mansur
gorgsab6,gorgsab
karimzadee,mohammad
kh.k1457,khatereh
ahmad_tavakoli63,ahmadtavakol
khosravi4598,morteza khosravi
aria.5996,ariamaleki1390
mezon.parmida82,مزون پارمیدا
akbrnjfy22,akbar_najafi
sadeghkan2,sadeghkan2
mehdislt1360,‌مهدی سلطانی
ne.ga9151,negat
elaheh_kzmi,
parak.6667,parak6766
arashh6425,ارش
asdskbdss,
meysam533533,meysam
maryam66s669,maryam66s66
9129tanha,tanha.
elham_vpr,elham  valipour
girl_.power0,#الحراك_النسوي_العراقي ♀️
mrsnkhwchwlw3,مرساناکوچولو
psicologofranciscohigueras,Psicólogo Francisco Higueras
behzad_sakhaeipoor,behzad sakhaei
mahsa.abbasii72198,mahsa.abbasii
mohammad.r597,Mohammad.r
roya.rahiminiya81,رویا رحیمی نیا
sakine__dadashi,Sakine Dadashi
qdwslkhzyy,قدوس لکزایی
nazanin.sobhanifar7725,Nazanin.sobhanifar7725
radiojostojo,omid bahrani
r.ghanbari22,r.ghanbary
mahisa9566,mahisa
parvaneh.sh121,Parvaneh.sh121
ahmad1376.3,ahmad1376.3
saman336699hedayati,§@M
rabbany_akram_,Akram Rabbani
malihasha778,maliha sha778
bhmnsmyly41,بهمن اسماعیلی
ezattabrizi,Ezat Ghaheri Tabrizi
nasimejlali9,ꪀ​ꪖ𝘴​𝓲​ꪑ
f.madanipur1,f.madanipour
mohhamad1822,
zahra.64.mt,zahra.64
nahal_7569,nahal 🌱
mohamad.mohsenabadi61,mohamad.mohsenabadi
arak.gerdo,
hopes.wishes,Hopes Wishes
leiila_bakhtiyari,
mohamad_moradifar,
yas_2005_m,Yasaman Miri
starseed5720,starseed
hastiiii.73,みⓐSｲi.∞12345
sakina_haidari.234,Saki Na
asali1562,Asal Asali
khatereh_karimi1457,khatereh
gholamrezabahrami62,...تا به خلوتگه خورشید
m.kha.13666,m.kh.1366
shams.mogooei,Masood Shams.mogooei
sara_sayahi1,sara_sayahi
jasm_tigr,jasm_tigr
shamiran.osmani,shamiran
alighadar2017,alighadar2017
salari_fariba66,
shohreh_noei,Shohreh_Noei
fateme_mchi,fateme
y21975,y.s. 21975
atr.isa1398,
serpico_sr4,serpico
mohammadgolami84,mohammadgolami
s.alraeissi,S
mehdi_razi_1452,mehdi tOhi- R1452
sharif._.milan,sharif
rock_ythomas,my name is Rocky Thomas
elli.n2022,elli.n2022
rezamoradi_3131,rezamoradi_3131
_yasi.hr,𝑌𝑎𝑠𝑖
aghdas_keshavarz,aghdas sadat_keshavarz
zynal7052,zeynalazad
_reza__behzadi.1999_,👨‍🔧🛠جلوبندی سازی رضا🛠👨‍🔧
kahkeshan.0000,ابوحسين
ygc102060,
afto_mahto,منصور بلادی
saeeda8303,♡•♤saeed♤•♡
nilinail.yazd,NiLiNail.Yazd
dariushabdolhamidi,Dariush
rrrr9668ffff,فقط خدا
eram.koodak,Eram.koodak
mortezaaaalavy,
hossein612682,Hossein
mh7raan,
mohammadd_sh1374,mohammad.sh
s.datparvargmail.com5,s.datparvar@gmail.com
siamak.b.2,siamak .b
bh.rm5829,بهرام
iman__jafaari,ایمان
dariush_fanak_urmya,Dariush Fanak
mehranyk5,Mehran Yk
matin_ghiyas_,taha
adn.jml1,adnan.Jamil  عدنان جمیل
robab7821,robab
nimawlll,Yas
hajar.ebrahimii,ᴴᵃʲᵃʳ ᴱᵇʳᵃʰⁱᵐⁱ
hossenarefi97,hossenarefi
jooniie_maman.a__r_gh_avan9292,
m2.a2.82,tina82
s_fathi2019,sarina
ahmad.kh.92,ahmad.kh.92
parwaz_114,
karimi_sro,karimi-sro
kh.abadan2020,kh.abadan2020
6891morteza,Morteza
hosseinn.6464,music.roozir
omidrakhshaniiii,🔱 ᏰᏗᏝᎧᏬፈᏂ 🔱
mngr_k72,﮼نِگار
arashonline1,Arash Sarchami
narsys_gh,ناخدا
a.y.l.i.n_m_a,🐳parla🐋
khoobipour.kulsoom,kulsoom-khoobipour
real.zahra_hemati,zahra hemati gharache 🙏❤️
sarv_5576,sarv
samamazi1390,sama
ms81.99,ms
hasanrasoli6491,حسن رسولی
mohamad.naghib777,Moham’ad.Naghib
omid42122,mohamad
sayah.iranian3,sayah.iranian
trnado_hj6750,trnado.hj6750
mehritekla,Mehri
niushaasady,Nima Niusha Asadi
bitas8362,Bita
gandom.14001,"""mariiiii"""
sedigheh.mmt,
e.0.1.22,elham
sep.shafiee,sep.shadiee
elham_ghorbani_1357,elham
kianpasha953,kian pasha
sodabeh_sm_,
akram._kbr,akram kbr
mahshid_o_hasan,Mahshid👨‍❤️‍💋‍👨Hasan
corallket,candle 🕯️
gi_f_99,‌‌جیـ آیـ افـ
springgirl11980,fa~ hfzi 🧚‍♀️
azade._.1363,azade
aminfo_a.m,aminfo
m.farzam6868,
maryam_firouzi_brn,Maryam
fateme.hosseinniya,
hamta__mehrmah,[ HAMTA ]
alikhayam1995,Ali Khayam
davvod1328,hamed 1234
leylaa_hosseiniii,
shirin.motlagh.75,Shirin Motlagh
nqyby640,ابراهیم نقیبی
safoora_benam,samira-Benam
most.m.a,M.M.A
1063mahmood,Mahmood
r_kiyahad123,R.k
muhammad_ali_9.13,محمد علی
reyhanehahmadian4,reyhane1983
mohamad.dinarvand.31,mohamad.dinarvand.31
xxdayaxx123,امید بذر هویت ماست...
mohamad.amin1998,mohammad amin allah nazari
elina_1997.f,
ahmadreza.b_63,ahmadreza
asemanaraneshhhhh,
yalda2002___,
mostafa.irani7,مصطفی ایرانی خانکهدانی
baran7475_,Baran_74
alireza_ghobadi_18,Alireza Ghobadi
zana12.2,zana.1202
bbraz_zinli_86,ببراز زینلی
faheime9101,faheime
luxury_odkolen,لاکچری ادکلن /عطر و ادکلن
mahsa.azami.f,mahsa-Azami♡F
sara_kml68686,sara_kml6868
rahele72_63,🙋‍♀️RahiiiL_
mn4626685fn,Mahdi Falahati
manewly6,mani_vai
elnaz.1999.ak,ꨄ𝗘𝗹𝗻𝗮z̆̈ꨄ
alahyarif84,A
amir_edaltpishe,درب پنجره دوجداره (عدالت پیشه)
amirhossein_esmaili_80,
mehdik8220,مهدی
mahdii_dr80,Mahdi Bagheri
wrdy.brhymlh,ابراهیم اله وردی
sari.p0oragha_,sari pooraqa
miladrahimi272735,سلطان
shhzdh4129,خلوت نشین اشک
pernss_cfz,پرنسس
maral21801,maral
sm_yh9992,.......
maaz.__.cfz,maaz.__. cfz
somayemahmoodi_74,somayhe
__zari__hosseini,Zari Hosseini
fatmeh_raisi_zadeh,فاطمه رئیسی زاده
mostafa.1376m8,mostafa
asiyeh.gorzin,آسیه گرزین. بیمه پاسارگاد
payman.m.rasouli,
khkhtchr,مشاور محصولات سلامت 👩‍⚕️
samanehasgharpourr,samaneh
monaa_aryaa,Monaa_Aryaa
asgar.ch2,asgar.ch
zohrh881,زْهٓــوٌ💛»
1512.nfs,نفس
azadeh.nyk,
mohamad.sahli1235,mohamad.sahli123
__hesamseydi__,حــــــــام صـــیــدے
nasiri__zeinab,Zeinab Nasiri
sntr1633,سنتر
hana1997167,hana
2657.ysyn,یاسین حیدری
frzan575,فرزان
aliartin2999,Aliartin299
saeedreza_nik,SaeedReza
saide.jalilii,saide.jalili
mk129458,Mk
shahnaz7899876,
kafsherostami,کفش رستمی به قیمت تولیدی 👇
farahnaz_.29,farahnaz_bnd_1371
_keshavarz_0,مهدی کشاورز
keyvn.1459,keyvanmhshdban
shimadehghan123,Shima
kavehp.7848,kavehp.7843
parparniya,Avesta
farnaz.majd.70,farnaz
mostafa.abdi1375,Mostafa Abdi
akramsaki772022,baranam...92
kh.k.1345,
amrolla.e,amrolla.e
jafari52119,جعفری
__.angel_wonderland._,أنا حریرة
smn74jhni,s.m.n.74_jhni
r123.le,le   r123
_leila.parsa,Leila Parsa
masom.m7410,Masom74
masome.tlb8,masome.tlb
shs_s1366,Shs_s1366
emanzr2,ایمان زارع
lila_moftakhar,lili
soheilaasgaari,so.as
elizaeli2280,Elham Zandi
mahdi.78m9,mahdi.78m
mahnaz.dr2571,𝓶𝓪𝓱𝓷𝓪𝔃..𝓓𝓻
reza44701401,reza44701401
asma_hooshmandrad,Asma
prnyanmslm8,مسلم پرنیان
7404.hana,hana
mohamdrza8690,محمدرضابامری
ali.1367434,ali.1367
mohamad_hosein9882,mohamad_hosein
mobindabiriyan6,Mobindabiriyan
es_foro_919,
omd.n_,omd.n
navabi_sohi,Hamid
shivaashtab83,shivaashtab
zemnkhedmat_golestan,ضمن خدمت گلستان
rahaaa111111,Raha
fa.ezehkhani65,faezeh
shima.roydel78,💎shima💎roydel
sorena5872,sorena5872
our_beautiful_i,Bahar_79
usmofrad,
sh_nihan6,Sh_nihan6
hamed_422862,hamed
as_al_mi,abolfazle💋kimia♥armin🥰
amirabbasaima,Amirabbasaima
farid.nezamivand.chegini,Farid Chegini
m.mahdi_a.z,mahdi
delicious.cake.izeh,دلیشز کیک ایذه
yasna6695,yasna
farimahshokri44,Farimah Shokri
s.heida1215,s.heidary
hamed__sadati1361,hamed_sadati1361
ali.mokhtari9359,Ali Mokhtari
_mehri.s.m60_,Mehri Sadat Mirlohi
mslmslr7,مسلم سالار
m_hossein913,♚mohamadhossein♚
mahan.cup.95,mahan cup
khalaj3115,mahan khalaj
kazemi___sh,sh_kazemi
amiram13812022,دانشجوی معماری قزوین
jamalihamid130,hamid
belghays_64,belghays
fariba12567,
parisa_shojaei20,parisa
nazanin_yasin.m,nazanin_yasin
mosbat.she,sima.3
n_g_s_s1,‌narges
ebram.5906,ebram
hosseinzadeh342,Hossein Hosseinzadeh
akramfakhraei80,akr.fakhraei
ali_asiaban1377,علی
drsara.abdollahi,sara_ab65
farzane3787,FarZaNe
yosuf03941,yosuf0394
reyhana0620,
f.mohamadi1980,f. 1980
marym_7734,maŕyam
moayed_mehdi,mehdimoayed
sara____banoo74,خدایی که به شدت کافیست
honarkade.ghazal,هنرکده ی غزل
mori.tz.por,Morteza Porkari
m.rezaeshrati1380,M.RezaEshrati1380
mamankhoneh3,
leili.salimi6080,🌟leili.salimpour🌟
karimii_60_,ملیسا موزیک😍
_.miss.jafari_._,
shahabhakimi9,shahabhakimi
kadbano.shop7,kadbano.shop
ba.noo2756,banoo
rfiroozi0,reza  firoozi.
m_zaherii6,M■h$n
hosein_kkk_q,h.k.q
frzn_j,frzn-jvd
brrr.tr,b.r
aramiss7.20,دینا
masoud.hassanpur,masoud hassanpur
fatemeh_karbalaei76,فاطی
aytt_82,
masuomeh.kalantari,🌸masoumeh.kalantari🌸
banoomaryam1986,banoomary
mhashemi4467,
939796172_,RM
fahim.1400.63,🧚‍♀️
ladan_s_n,ladan_s
atefeh.es.69,
ali135259z,ali @0
nader__daryani2022,nader_ daryani2022
parisa75780,
ne_gin_clip,💎negin_clip💎
iman_ffallah,im@n
aryan2602,aryan
nooshin___gh___,nooshin
gohhggggg,bani
navidnejati77,Navid Nejati
cheshman_khis_68,cheshmane khis
abdol_gani_rastin,عبدالغنی راستین
amin_hasani72,𝕬𝖒𝖎𝖓 𝖍𝖆𝖘𝖘𝖆𝖓𝖎
fatemeh_rzn71,Fatemeh Rezaeian
mordab.1980,🍁autumn
samiraakbaresfahani,samiraakbaresfahani
vahideh.nazari.m,Vahideh Nazari Mofrad
honarkadeh1363,
saman.samsami8,YAS
eisa.deriss,عیسی دریس
peymanzarge9,پیمان زرگه
1105arsha,arsha 1105
rezazami619,reza
sajjad.mohseni8990,sajjad.mohseni
semira1w34,سپیده
zahra_ansari.a,
t.ebrahimi_79,
hediye_beauty1,hediye_beauty
mehrshaad72,Mhrshd
r.sharifani,
antiqueshadi1,Feriiiiii4645
sorour.haircolor,Soory Mahasen
niloo.j7,niloo.j
mohamad.ali.arabi,m💫f
tatlim_80,tatlım
mah.mohamadzade,مهناز محمدزاده
_shahla_hzsa,Shahla Hejazi
dariush.a_2000,داریوش اورعی
masome.babadi,معصومه بابادی
amir.saed,AmirSaed
shahryar__akhavan,akhavan.shahryar
arsin_mohammadreza,༺ Mohammadrezaَ‌ ༻
__marzieh.f__,Marzieh
razyehrahmati,Raziye Rahmati
elhamtayefi178958,Elham Tayefi
teen6843,سرباز ایران
nasrin_3983,nasrin
sadegh_arvane,
hasanmorad1343143,naderi
doobay76,faatmaa
amad_rez_,ahmadrch
ali._.emami,
mahnaz.nosrati49,mahnaz nosrati
psy_s.haghgo.zand,psy_s. z
y.i.2002,pv
z.m.baran64,Ali🧒Amir👶Noora👦
sahar_nikravesh72,Sahar_nikravesh72
mahi1.984,Mahtab Yarabbi
eellii_moon,L_NaZ
sa.abat874,
masi.hosseini4,masi  .hosseiniiii
faezeh__20_,♡faezeh ♡
er.foo,F.E
zahra.crm,zahra z
roshasmom,Fereshteh Ranjbar
zahra.azizi.1991,
_n_kalhor_,
mahmood.goodazri.singer,mahmood.goodarzi.singer
mehrnaz_aref,mhrnz
n.taheri.n,naser
samira.azimzadeh,Samira
alizade19920,abolfazl.a
zeynabaghapour,zeynab aghapour
dorajzadeh,Xalil Dorajzadeh
mah.diyeh99,
manida_mehrbod,manidamehrbod
zynb.80_,
afroz.hoshmand,afroz.hoshmand
mitra_tavakolian,mitra
fahimeh_f67,fahimeh_f67
ahmad.farhady72,ahmad_farhadi
farbod_hosyni8,farbod_hosyni
zeynab.7251,روشنا
samiraaaheidari,Samira Heydari
smh.3570,smh
zibagharageh,ziba gharageh
unknownp5010,k
n.soltani84,najibehsoltani🏴
zahra1982519,zahra
sahfmmaz_85_97,s.a.h.f.m.m.a.85.97
shhl5084,sh.h
_nafas.121198,𝒆𝒏𝒔𝒊♡︎
mahdie_m.gh_,
marzi_2263,
mahmoodifm,همتا
f_sherafati1100,
so__ghollamii,so__ghollamii
thfaren555,Far
paiez1999,paiez-1399
eisa_ashofteh,eisa_ashofteh
mobin.rupani,Mobin Rupani
n.pourkamlvand,Nasrin Porkamalvandi
mahsa.mahdavi_24,Mah Sa Mk
ayhanum97,🧿ayhan👑
mortezaaboutalebi,MorTeza AbouTalebi
n.raha18,Raha Nemati
arya.cd5,Mohamad
m.ebrahimi145,m.ebrahimi
davoodi7216,davoodi
gardeshgari_iran_nazanin,گردشگری ایران نازنین
emz13487,ابراهیم افروز
lasoso2709,La Soso
zohre13460,zohre13460
parable._,خانم سین
masoudnoshe,masoudnoosheh
hamid_nasr65,حمید
ahmad.tarimoradi.r,Ahmad
s12358444,sami
taranombahar.2021,taranombahar2021
nedanajafi2360,Najafi Neda
mahtab_.moghim,🖤mahtab moghim🧡
nooralah.nourian,nooralah.nourian
alirezaabd_abdolahi,علیرضا عبدالهی
sae_edbasiry,♡~𝑠𝑎𝑒𝑒𝑑~♡
shayan_tabkhkar,شایان طبخ کار
mona.sohanii,❤﷽❤
f._.3745,♡
soltan_saman109,سلطان سامان
bita.milani,Bita Milani
javad.asadi_1914,javad asadi
faeze_porhadadian,Faeze Poorhadadian
beh.naz.msh,
milad_godarziiiii,Milad
allllli.varavi,ali.VR
anne_676797,mhd.hzt
gole_roz_5656,بهار
mohammadrezakeshavarzi,Mohammadreza Keshavarzi
hamidengin,
n.fnd,𝓝𝓪𝓼𝓻𝓲𝓷.𝓯𝓪𝓻𝓪𝓱𝓶𝓪𝓷𝓭
alijavanoriginal,Alijavanorijinal
mysm_3593,
bakhsheshimitra_,میترا بخششی
orchidrahmani,ارکیده
amir.behrouzi1959,Amir Behrouzi
lavin_stoor_2023,𝑳𝒂𝒗𝒊𝑵 𝑺𝒕𝒐𝑹
_yasin.salehii_,YASIN
hadas13866,hadas1386
behnam.sh.70,behnam
jama_lbakh,jamalbakhshivand@gmail.com
me1640377,K&M
majidnajafi332,majidnajafi3000@gmail.com
marzieh_2137,marzi
sahar_khammari,
shadman5941,javad shadman
tfdos777,
shirin_zy,شیرین💙💛💚
amirmoha96759,amirmoha9675
alireza.ahmadimanesh.202,alireza
maziar_ahmadi303,maziar
kh.mansouri.48,kh.mansouri
f_____vaezi,Farzan🍁
ramin_khosravibabad,ramin_khosravibabadi
a.salmani641,
aramesh_999_,
_fatemeh_khojasteh78,khanom_gol🍃🌸
rabinhod4585,asd
fereshteh.s6570,fereshteh.sayadi
economicgeologic,mahmoodi
soheylwsm,soheylwsm
sina_layamout,Sina_layamout
mohammad.arghavann,محمد ارغوان
hossein_forutan62,hossein forutan 62
hesam_127,Hesam.rahimnia
rahannnn77,Aa@@
hashempoor_mohamadmilan,Mohamadhashempoor
______sj.maryam,Sj Maryam
nazanin1471471,NAZANIN
amirattariyan8,امیرحسین عطاریان💯8️⃣
m.ezzati_biz,Haman Kord
t.ch7977,
_nassim_safikhani,nassim
aliakbar.9390,aliakbar
mohammad.mirzaee1366,
maykel1374ha,HAsaN
hengamehhosynzadeh,hengamehhosynzadeh
rezaghanadkianezhad,سیدرضاکیانژاد
amir_h_bolandnazar,امیرحسین بلندنظر
mehdifallah245,مهدی
amin_155117,amin_15511
peymanzarge,پیمان زرگه
taslikh_ahmad_,Ahmad
sara.jooooooonish,سارا.joooooonish
manzarseifii,manzarseifii
ghorbanali.mohebi,ghorban ali.mohebi
fatema.vatan_por,فاطمه
hashmat__001,JâmAłî ♤saib♡
siyavash8267,siyavash
ehsan_elyasi68,ehsan_elyasi
ars_lan0422,ارسلان
sltn.hjy6,سلطان.حاجی
elen.mahoor5,elen.mahoor
sa.ttar8334,sattar
seydmeysam221,سیدمیثم
amir.niaziiii,Amir hoseyn
tarane2226,tarane
ehssaann55,
behdokht.kaveh,behdokht
f.khoshro,farhad khoshrou
tala_1975,tala
hsynrdyy9466,حسین رضایی
beigisom60,
kazem_wrx,
sepideh.gohari.nasab,sepideh.gohari.nasab
abolqasem.abdi,abolqasem.abdi
milad_jahangiri18,milad
farzane_serajj,
mamoon7612,
bahari.90,Shadrookh
atefehdelavari7,atefehdelavari
shahram5521gmi,shahram5521@gmim.com
mohmmm79054,mmmmmm
marmar.v.k,
tasisat.hamoon,تاسیسات
mahmoodi_s_y_y,mahmood
saeide8374,saeide
jn6003.com2021,jn
dominicdaniella93,Bella Darima
m.rastegari2028,مهدی رستگاری
sahar_feyzi66,sahar feyzi
mohamadi2h.iran,maryam
frwzan._84,𝔣𝔬𝔯𝔬𝔲𝔷𝔞𝔫
dadfarsana,s.d1389
sh_navab7,sh_navab
nnimaa.rezai,nima
vahiddadgar2018,VahidDadgar
smyh_5142,سمیه
amnh5212,آمنه خلیلی
sogand.8819,Sogand
nahid._.hsz,Nahid
samad_rafiei52,Samad_rصمد رفیعی
kafe_sher.arya,کافه شعر آریا
rezvan_asad_,
vahid.nafasi,دکوراسیون وحید
p.taghizadeh1393,paria
zahrajamsidi3,zahra-jamsidi3
ma_jed7024,majed
leila.hatami.taeme,لیلا حاتمی تیر ماهی
miss_eskandri61,
baranbahari9222,باران بهاری
shapark1351,ee1351
arbabybnyamyn,Bnyamyn Arbaby
mehrnwsh729,مهرنوش
fati27030,fatemeh
mitt.rstm,
adeli_ghader,
po0hh8hg5rdfh,محمد
tiaara_photography,tiaara zohrabi
heshmat.mohamadi49,heshmat.mohamadi
arezo__salehy,"بلاگر،لایف استایل ،"
zahrasarpooshi2022,Zahra
shahnaztofighian,shahnaztofighian
mohamadtorki8,‌mohamadtorki
ramin.a.13614,ramin
ebrahi6044,ebrahim
bzrgnyfydy,بازرگانی فیضی
aminkusu_,مرغ آمین
sh.havasi1365,sh.havasi1365
marallll69,marallll
sa.nnn.a.z,miss'sanaz❣
fatima_naseri99,ƒѦ‡⒧ღÅ ɴα﹩əґї
ha.shmi7689,hashmi
mahmoodsafar10,mahmoodsafar
nasrin.pashapour,nasrin.pashapour888
3758.saeid,saeid
saed_8984,saeid_rayegan
saramalekzadeh1992,sara
mojtaba_falahpishe,فلاح پیشه
maryambano_17,ⓜⓐⓡⓨⓐⓜ
azii.1984,
mary_banooo81,mary_banooo-81
shayma.nawzad_,Shayma Nawzad
za_s_i,♡𝒁𝒂𝒉𝒓𝒂
ahmadiyavar20,yawar
siamak1979,siamak
mohamad_rahmati9905,Mohamad Rahmati
saharfathi554,saharfathi
zhilam68mm,zhilamehr68
bara.nam.mm70s,بارانمم70🎭single@حامی حیوانات🐶🐱
ne.da314,neda
zomorod9900,zomorod
avin13952752,AViN1395
taha.barzegar01,Taha Barzegar
s.gh.r.1365,S.Gh.r.1365
samira.alp89,
kyanimhran,mhran kyani
maryam.afshar1970,Maryam Afshar
shirin.nsr955,shirin
alirezam4130,علیرضا
fatemehpourghasemian,",,"
akram.dehghanpour,akram dehqanpur
zhra8.136,
minajeko6801,💫🌍آرامش زمین
iiraj6599,IIRAJ65
kiana_rmk7,kiana_rmk
zo.salehi,Red Rose🥀
alwaysinlove_23_56,M💍🖇M
eliimahh,
salimi.asl.zahra,zahra salimi
fatemeh_naghdi_1358,fatemeh naghdi
hoseini_1333,m
rzu_hp,🅰️rezoo👸🏻🧚🏻‍♀️
arghavanhooshmandi1,arghavan.hooshmandi
sadaf.pushak.7kl,گالری صدف
mirgasemimelodi,melodi mirgasemi
mohades_ranjbar.79,
sajjad_abery12,sajjad_abery
temelieh,اسفندیارفتحی تملیه
bamand.73,○○○○
azar.h9531,azar.h
music2youtube,موزیک یوتیوب - Music YouTube
heidari.m92,M@ry@m
sbr_amir646164,سفر به ...
susunpakdel,susun
s_r087,S_R
fatemeh_nu01,fatemeh.yazdani.n
argwan3471,
rs1355,roya.s
ghayomirazi,razi. gh
merishirali1362,مرضیه
z.masihii,z.masihi
hafezi56sohi.la,sohi.la hafezi56
s.bayatani5,s.bayatani
milad_a996,milad
anosh_rezaeii,anosh_rezaei
f_noori_1355,
miladebrahimi.64,miladebrahimi04
khatereh.__.ramzani,
nafiseh7105,nafiseh 96 r
khalily1401,safa
n.moht1,.....
lom_hve.t,ماهان امیر حسینی
taher.eh73,طاها
chia__organic,
telepati._,MazdIsna
cybrorg,||  ™هلدینگ اینترنتی  CYBR™  ||
haircolor.by_eli,☘️elham.h.z☘️
afsoon6569,@afsoon6569
mari1234m78,mari
fa.rzan7496,farzan
amir__hos3in_83,AmiR_HoSsEin_RaNjbAr
sarv_fall,
ra.man7073,Asal
hnys3395,هانیسا
a.taghipoor.9296,arad radmehr9296
_love_2964,_♥︎LOVE♥︎_
nari_omid,Omid Nari
pooneh.goll,pooneh🌺
majiid6867,
habebbade,habib.badiei
mina.moslemi624,mina.moslemi
mohammad_khademian10,محمد
fatemeh_mohammadi703,fatemeh_mohammadi
hajsafari01,leila Hajsafari
bime_pasargad5028,علی داودی
niloofarmohsenzadeh123,Niloofarmohsenzadeh
saleh.3363,saleh
mrtdydhqan477,مرتضی دهقان
amin_negarsh,Amin.n
hamedbarariy,hamed barari
amir2.kazemi,جذاب لعنتی
mashoq.mohammadi,Mashoq Mohammadi
hamd_r_2,"🔱hamd_r_9🔱,,,,,
.●━━─ ⇆◁ㅤ❚❚ㅤ▷  فقط خدا❤vallebale"
masume.namdar,massumenamdar💍❤M.p
ali_roohein,Ali ROohein
eman1998678,
mehdibaqerirad,mehdibagheri
zahrasalehi533,zahrasalehi
mohsen.sadat6544,Mohsen Sadat
loman.baft,
7ah4mad1300,ahmad
rosee1361,ل    ی    ل
mostafa876654,مصطفی
sabatavakol1,صـبـا تـوکـلـ
fateme_se90,
masomeh._.k_,
ostad_kar46,B
as.ghar946,asghar
_.hosein._.s,👑𝒽𝑜𝓈𝑒𝓁𝓃👑
zari.sam95,"sami,b"
sadat.sjd9,sadat.sjd
narsis_8888,narsis_8888
armin137280,Armin1370
reza_mohammade2021,
elena.y20,elena-y
sa.hand7179,sahand
rdrnjbr1300,رضا رنجبر
moheb__9857,Moheb
ahkarinsangarskote,ahkarinsangarskote56
doostdaramir,Amir Doostdar
gold_nail__fatemeh,فاطمه منافی
_chnooraminpour,chnoor
moshafiqnazari,Mo Shafiq Nazari
brhymmyry755,ابراهیم امیری
kalbim20003165,kalbim20003165
mahnazahmadi2999,
frank1233958,سینا
ma91538,ma9153
prynz78238765,prynz2011
ma_sood0873,masood
bahar.__34it,
ebi_ardestani,ابراهیم اردستانی
rezvan_1337,rezvan ejlali
simdigitel1,simdigitel1
saradamiri1,Saradamiri
mostafataki3,mostafataki
peymanbayat.1,
arman_heydarzadeh,👑♣️Arman_hz♣️👑
s.ehsanmousavi3880,EHSAN
saeedi_8585,saeedi_8585
alivand_o,Omid Alivand
haleh.pirdavari_,halehpirdavari
heydar202015,heydar
00__nazanin,__  nazanin__
mohamad_khourand,M.k 66
hesam.4573,hesam
sobhnnnnnn,Sobh@nnnnnn
rya__a820,
afsone9528,افسون
reza_eskandar_zadeh,reza eskandar zadeh
mahtabzaree365,mahtabzaree365
roxana__nas,roxana_nas
qudratamini336,Qudrat Amini
kia_sport_najafi1400,kiA Sport
koche.berlan3894,BERLAN💣
nazn_iin68,
mamds685,Mamds
jak.9172,jak.917
erfan.zari.78,عرفان
dosty503,رنگ آمیزی اتومبیل سپاهان اصفهان09137378620
taheri_raminn,
nasrin.h777,
mdryd2488,اسلامی بهنام
abasfalah983,abasfalah
amirg3691,امیر
shahryar_forever,shahryar afshar
sadeghmohebi88,
mohsen.b8410,
kingg._.4253,Armin._.4253
mehdireza.nasimifar,خط قرمز دارم مواظب باش
f.j457,f.j3923
nabi_hosseini10,Nabi
shyl.sfty,سهیلا صفاتی
_.narges00._,Negar
pwy_7237,پویا
ssss_zahrae,🦋sima.s.z
amlak_kohan_diyar_fuman,
9175.khd,فقط خدا
majidmajl,msjid maj
fr_yd5840,فریاد
__karjoo__,__karjoo__
tinarafeei,tinarafeei
hoseingharzi99,
automoshaver,مشاوره خودروخریدوفروش ایرانی
nasreen_aydi,nasreen_aydi .98
yaasinhaghparast2022,hr.masoom
vahid743021,vahid
setaresoheil93,ستاره سهیل
aliramezani__63,ali
shkhbwszrmhdhbyh,اشکبوس زارع مهذبیه
pakizehabbas7,Abbas Pakizeh
leila_mm41,leila_mm
mahdi.afrawi20,mehdaw.afravi
abbas_miri8,عباس میری
fereshteh_5353,فرشته اسلامی
mr_a.b18,ali.baghi
elahe_mirsane1350,
j_abbasi2060,Javid Abbasi
nikoosefat.ali,Ali nikoosefat
v_masome,masome vahedi
rozitanadery,Rozita Naderi
shokuh_naeej,
parvaneh.paki,parvaneh
mqdmhsnywsfy,حسن یوسفی مقدم
h.dekamei66,h.dekamei
mehran9o00,
mohamad_zade_121,"♡´･ᴗ･`♡mohamad,matin♡´･ᴗ･`♡"
hoomanrazaghdoost,Hooman Razaghdoost
fatemeh_masjedi79,
abdolah.hoseini63,سیدعبداله حسینی
maryame_87,Maryame
mehdihaghighi.79,mehdi...
rwshn7729,یلدا روشن
amin._mlk,Amin
missbadvi,💎
karami_hossyn,‌‌‌
s.ghn7450,s.gh7450
alizade3387,morteza alizade
mohamad_r0152,
teamz592,teamz5
mehdi_pormirzayi,mehdipormirzaei
f.s.manoojan,f.s.manoojan
hellma.bn,Baran👩‍👧
mohamadreshadi,⭐ Mohamad Reshadi ⭐
mousaghorbany,mousa ghorbany
ianisaaa,
e30_janan_rasoli.1399,e30_ janan_rasoli.1399
fmogaddam194,fatemeh Mogaddam
moradi.md2021,mohamad.moradi20
marziye.ordibehesht,
im.an9942,iman
kiyanoosh_kalantar_kotoki,kiyanoosh_kalantar_Kotoki
samyar_amirkhani,samyar_1399
plmnko2517,رضا
psychologist20350,Khatere Rezaei
abolfazlmh.official,✰✭𝔸𝕄ℍ✭✰
rahimkaravan,Rahim ❤️❤️karavan
rdjfry8625,Reza Jafari
l.g__1368,L.g
denize4724,
nesa.s4,nesa.s
alisadeghi5909,علی صادقی
khoshsaz_202,ملیحه حیدری
maryam1369924,Maryam 1369
ehsan_chaplin1991,Eحsآn
hasan_kodore,احسان کدوری
t_shikhkanlo1378,❤️..
atefehmohammadi61,عاطفه سلطان محمدی
elx8207,علی بنده خدا
esfandi399,N. olyaei
mohammad.hadadlotfi2025,محمدحدادلطفی
mohsen.hoshyar65,‌‌mohsen.hoshyar65
hosein_hi_ch_ka_s,HOSEIN_GH_A_EDI
ella_rana_1993,
mohammadjokar13659,mohammadjokar1365
behnamroshan1265,behnamroshan
hosainii00352,
mosazarei5,mosa zarei
farshidrostami2960,farshidrostami
s.saberi634,s.saberi
fardokht121,
mo_hmd5847,mohmd
poping_yousefi,reza
ali_takhtravan,ali_takhtravan
deniz_5702,deniz
nima_hhj,
helen_jlv99,helen_
korosh.4295,
kh_khameneh,kh_khameneh
siamakbarekat1976,سیامک
majid_barandkam,MAJID￸￵￷￶￵BARANDKAM
leila_hasanali,Leila
moha.mmadchegeni,mohammad
shakiba.naghavi,بافتنی شکیبا - اموزش و سفارش
fatemehabdollahia732,fatemeabdolahi5
fy_farid,Farid jooon
saeed99816,saeed99
samad_ke63,
notezae.n,notezae. n
far_3566,farhad ghaisariha
so.roush281,soroush
mhmdtyy458,محمدعطایی
hm.drd6781,محمد
bahmanlotfirashwand,bahmanlotfirashwand
alirez1122332022,علیرضا
mmmmf763,Mmmm
javadsarebandi,JAVAD  CR7
seyedjalal_aghili,JALAL
madmdl2022,madmzl
siyamak.krm,
amir000911,
satorsol,SATOR
saeidkarkhaneh,saeid karkhaneh
mohammad_mrz__,M R Z
yasragolii,عبدالمومن عرب
omidshams5181,omidshams5181
tag72.01,tag.7201
sbt0019,
aryan_saba,_.Aryan._
khg7150,خ
mojtaba75.alikhani,mojtaba75
mhdyh.twfyqyn,مهدیه توفیقیان
shishe_dodi_reza_rasht,شیشه دودی رضا رشت باضمانت
irajblochtani77,irajblochtani77
mmmjdyu1,mmmjdyu
aza.r50,Azar
bakhshandeh.arezoo,Arezoo bakhshandeh
salehbalouch159,صالح
roz_gol98,jalali
sajad_dean_kord,sajad sheykhi
mohamadasrary1234,mohamadasrary1234
hosseinsp501,hossein sh⭐⭐
sobhan.abedi,Sobhan.abedi
niile436,
text_.stars,
haidehnobati,Haideh Nobati N
s_m95m,
amirsalarr7800_official,Amirsalar
jalehmerat,jaleh merat
fatemehnaseri9459,fatemeh naseri
86.5470862,86.547086
aghil.sadeghian97,Aghil Sadeghian
ghasemshekarchi8261,
imroyaorg,Roya
yaghi4874,yaghi
hele.lift,
honar_shakeri,#دست سازه ها💎
hamzeabasii,
ako_aria,امیرحسین رمضانی
hakhamanesh.2045,امین
abedsafarian,abed safarian
mohsen.jalalifard.5008,محسن جلالی فرد
safoura.soury,safoura.soury
sahar_vahdani.ir7,sahar_vahdani.ir
tahafereydoon,taha fereydoon asl
sheraghawifay,شیرآغا میرزایی
manvtorrr,Mahshedm
khatoonmouri,Khatoon Mouri
_siamak_shahbazi,siamakshahbazi
masome_naserii,masome
zxyasin6982,yasin
rahman.ksh1770,°•RAHMAN•°
choman.1375,Choman Kohnepushi
sadra_sheda,Sadegh Shahbakhsh
jkr_mrm,mrm jkr
sfndyry6395,فردین اسفندیاری
mosayb.salari,mosayb.salari
norouzi_manesh,azam_bano
lkhnny1511,احمد الکنانی
khyny3626,حسین کیانی
abolfazl1376788,abolfazl1376
saharsdrj,sahar
delvin38097,DELVIN❤️
tasisat.saman,
moonshinee_13,M00N
ay.han1778,ayhan
moble.hajizadeh,moble.hajizadeh
narjes.vahedi,narjes
ha.me9857,Hamed
alireza_asgari_67,alireza asgari
kaveh_mohammadi1673,kaveh mohammadi
hesam.geram6,hesam.geram
mojtabafirozi67,mojtaba
ramintorabi7896,Ramin Torabi7896
delaram_ki,delaram
omidlak8349,"'گفتار نیک،پندار نیک،کردار نیک"
zhik.mahallat,ارایشی ژیک 💖
sarli.mahem23,sarli.mahem23
sattar.b91,Sattar Bayat
smyrsdtddwr,سمیراسادات دادور
abaslotahereh316,طاهره
daryoush1329,daryoush -yarahmadi۱۳۶۸
1166_hasti,hasti
sport_tesla,Auto_sport _tesla
haima_zamani,farshadzamani
ma_ryam.19,maryam.abdii19
ghobad_rezaei1989,
shirinpari63,shirin&pari6
mozhgan_khamoshi,m_kh
mhdy_rwzbhany,m.e.h.d.i..roo.z.b.a.h.n.y
reyhane1mohamad2,reyhane1mohamadhesam2
ba.hman3166,bahman
nematazam2,nematazam
haf3888,haf
amirali__rz81,amir-rz81 دانشجویی معماری قزوین
yosefgolchaman,huntsmam
mstfypshyy13,مصطفی‌پاشائی۱۳
el.en.a6,elen.a
si.na_abdolahpur,باوازع🗽
nazanin1395380,nazanin
reyhaneh9592,reyhanehpoordegan
mostafa____kiani,Mostafa    kiani
hamidreza_abedi609,hamid
aboolfazl.sh.76b,A. sh
elaahe.9889,
shhbhydry39,شهاب حیدری
godboy1997,Godboy
mahmoodi_13601394,helma
ghahve_center63,ghahve_center
hoseen.8895,hoseen. 8895
bhr_khyrkhwh,بهار خیرخواه
drys5626,
bikhial.k2,bikhial.k2
alichaharmiri,Ali Chaharmiri
mohamad__nesarii9394,
farbod3013,farbod
m._.arty,..........
qdrrysy88,قادر رئسی
semrasahin7423,Semra Sahin
reza996043,reza
sa.es6863,Saloomeh.eslami
amir_nowroozi_1980,amir
nafis.z2022,"لوازم آرایشی،لوازم پوستی و بهداشتی، میکرونیدلینگ"
javan2364,
nazii_89000,nazii
hosein.kargar9,hosein kargar
ariapahlavi3,aria.pahlavi
jsm.khrgr8,جاوید
8435.rswl,rasool
fazel_salmani_7,FAZEL_salmani__
mohammadjahani392,mohammad
taabaaaan,
jale13031,jale1303
kiyan_ashpaz,kiyan
herko.l6659,مارال
shahin_hamid29,shahin_hamid29
morteza_baaj_4959,سید مرتضی بعاج
alaei2255,
m.koohalibeik,mِ koohalibeik‌67
alikhanmirzaei,Ali Khanmirzaei
hanieh__sps,hanieh
zahrabooojar1353,zahrabooojar
mohammad.is00,m.isari
aghasi1142,aghasi.Zalab
4402.naz,naziii
neda.saber1,ندا صابر
6073.mmm,mmm
afshin.abdi.1,afshin.abdi.1360
rezagorjy2,rezagorjy
fitnessshiraz,شیراز
9294sp,سپیده
akopoladrak6,akopoladrak
rn___fn_____47,Farzaneh Rasoolian
rahim_8406,rahim
saymo2392,saymoon
mohammaddanehzan,ℳOĦสℳℳสĐ ĐสดĦงสด
h.mousavi._69,
amirkhani.mmad,mohammad
qryy670,رضا قرایی
afsanehseyfo,Afsaneh Seyfollahi
lyrdzdhsy,
3596sadegh,sadegh
farhad45686,farhad456
khsth8365,صالح
taha.si7223,Taha
be.nyamin5850,Nahal
rezarezaei.77ss,reza rezaei
afsane.af73,afsane
hstyjwn814,هستی جون
ahmdipdram,pdram ahmdi
fat83_76,fat.bagheri
y.y444777,y.y444777
mobailebachari,
mohamadreza_fm7,mohamadreza
hassanshokuhi,hassanshokuhi
0mid_mahmoudi,Omid_MahmoudKhani
artam_3030,
korosh.srn,Parvin
amirlenovo2002,رویا
chitsaz.psychologist,رقیه چیت‌ساز | روانشناس
kamyar_shikhmamo,کامیار شیخ ممو
saji.nazi1397,saji.nazi1397
amirhossein.gholamhosseini,Amirhossein.gholamhosseini
keyvan.zd,Keyvan Zaremand
ha.med1795,Hamed
text.vafa,همدل/ عکس نوشته /وفا
fa.ezeh7939,Faezeh
arshia.fi_,𝓐 ℛ Ꭶ ℋ 𝐼 𝓐  ⚜
barari.1360,رحمت براری
elababolfath_lawyer,"Company registration, brand registration by attorney"
fa_zarrin_,Fateme Zarrinael
javad113011,
z.p00rparizi,سارا
samira.9797,samira.9797
mahdisalhi1388,mahdi salhi1388
nafas66309,Nafas66309
parvan.e.h,
faeze.a996,Faeze
adel_perfum,😎سام😈
tayebe.e_79,tayebe.e_79
mohamad.zallaghii2254,mohamad.zallaghii
hosseint2778,hossein
ebrahimhaji262,ebrahimhaji
morvati49,ali morvati
abbas.h.b__tablosazereza,abbas.h.b_ tablosazereza
khsrow830,خسرومرادی09144446820
mitramombini,mitramombyni
ali_1399_1400_3m,ali_84
narge_ss1357,
sara_akbarian72,سارا اکبریان
gholamreza_karimi1366,gholamreza karomi
hoja7045,hoja70
bbkhymny11,بابک ایمانی
ahwaziin2,مروه
farzaneh.pranses1,farzaneh
marzieastarakilaw,مرضیه آسترکی
rwyryn4,رویا  ارین
ssariina_4,mahtab.far
2325ndr,نادر
feyziparia,Paria Feizy
amir.teknaroii,amir
sajjad4016761,Sajad
ftmhkhbry250,فاطمه اکبری
mehdibageri36,mehdibageri
arviid.1404,Arviid.1404
mh.dys3641,مهدیس
mostafa_khabazan,mostafa
roz_5267,hani
hoosein9913,amir hoosein
zhrmhbtpw,
kianmen65,kyan
honarvaran_juybar,🎨آموزشگاه آزاد هنروران
r.t2851,Roghayeh.Takalo ⁦
rezadamghani16,💥رضا‌دامغانی💥
abbdollah1112,Abdollah malekzadeh
gham9171,
ssaeedehh2020,mehhrrsan9
e.k.a.safari,
z_eb_iram,زهره ابراهیمی
m.ostafa.8058.781,صفاشونم
mhmdmyn.4751,محمدامین
n_hasanzadeh_0,هرچه با هرکه کنی بر تو همان میگذرد...
narjes.slh,
hamiwd_clnjr,-|[CLNJR-_‽
samiranvariy,samira
mahmod7951220,mao
ahmadreza_delnavaz6788,
mitra_tahmasebe.bahar,m.tahmasebi.bahar
k.z1389,k.z1389
b.s.666m,b.s.66
bspym8,عباس پیام
kho_yousef,yousef khodari78
esfandfar_sara,Sara
hosein.94628,hosein. 94
ali.abdolahi.13.71,ali.13.71
darya.fardad.78,🌊darya🐋
sh_yd961,شیدا
piroz.taj,piroz.taji
hjt_82,حجت
amir.alipour.2000,AMIR. 2000
frdyntyy43,فردین عطایی
pneumatic_firouzkuh,Penomtic
venuscity50,venuscity
andaravareh,AndarAvareh
azsd5430,azsd
iamaysoudaw,aysoo
ajdbs2585,
fardin._.saidkheli,🇦🇫Fardin Hakimzade🇩🇪
samin.gohari7598,samin.gohari7598@gmail.com
jafarzadereza1373,rezajafrzade1373
t.zare70,delaram
kasra.ghaderi137,kasra
baharehhh_hss,bahareh
_kasra1400_,
bgfderygdd,هلنا آریایی
mohsenajini,Mohsen Ajini
pg.parsa_1389,
khwrwsh028,کوروش 028
moslem_tayarinezhad,صادرات واردات تجارت بازرگانی
hsam1234243,Hsam1234
tagenazame2,tagenazame
h.rostami48,h.rostami
atenaamirian,Atena Amirian
khayatmodern1,
ra.mezani4039,ramezani
the_mountains_have_no_tears_th,cragsman
masouudazizi,مسعود عزیزی
efe_8026,efe
zz_.77_,↳⃗⃗⃖⃖ ᏚᎻᎪᎻ⁾⸸ᎠᎾKᎻᎢR↲͞͞
s.oghbai.1122,s.oghbai.1122
fereshtee_53_sa,fereshtee_53_sa
bordbar528,bordbar
hashemi._se,sayed jafar. hashemi
mahmood_54321,mahmood
h.arjmand.v2,hosseinarjmandvala
elhaaammajidi,elhammajidi
bakhshi9247,Faezeh bakhshi
khatereh_art_gallery,گالری هنر خاطره
ali.__eydii,alireza
z_nesarii,z_nesari
aliakbardar6678,
2089_dwd,داود ۲۰۸۹
parisa.f413,parisa.f
sambad.alibaba,sambad.alibaba
ali__chaab1221,ali__chaab1221
zngnh8023,حسین زنگنه
mehdi_.abdolhosini,mehdi _abdolhosini
salim_azadbakht,°SALIM°
rdhsn1872,خان
arashbrahmand992021,arash brahmand
abas.9917,abas
abolfazl_khederzadeh,abolfazl
bozorgighalavand,Ɱօհąʍʍąժ
mohaamad_bigdelo,mohaamad_bigdelo
leilamoradkhani1983,leilamoradkhani
beig.1374,hadis.rezaei
a.teymuri.m,
simaaaa6888,simaaaa
mortezaahmadi0050,morteza. ahmadi1360
sa344cc,
yalniz_70_,delvan
mhrban8644,مهربان
_ali.rajaei_,ali
ft_ym9966,f
ehsan119245,Ehs-an11
maede.dr1989,m&A
yaser_bat,Yaser Batmani
sadeghnoori111,Sadegh Noori
mdiyar28,mdiyar
vahidfoolaad,vahid.foolad
hooman._34,amin
sara_m7641,sara
masood297158,Esfahan
nabat0057,nabat00
mohammad_jrrr,محمد جهانگيري
seyedalirezafakhr,SAF
mklop1025,یالان دنیا
mohammadparrot.1,....
aliforoghiii,aliforoghi
shaha2020.1,امیر
kin_gyones,khan
hossein_hamidi_1366.6.6,HOSSEIN
jvd.1999,jvd.1999 Zaraj Abad
alirezaei2950,alirezaei
iran1342a217,چو ایران نباشد تن من مباد
sa.ied4272,saied
najafiparisa9262022,mohamad
shervin.es4108,shervin.es
saidf12021,said
monire.mehrabi,Monire
ehsan_fpv,Travel | Filmmaker | FPV Pilot
bahman__jafariii,BнMи Jfгi
_marzieyh.f_,▪️Marzieyh▪️
haday.at1,
hsni7,Mehdi Hassani
meysam_8032,Meysam
miss.m.es,
shirkhanloo2020,m.sh
elina.0102,
m_s_majid1378,
elhamhajsamady7,elhamhajsamady
monir__sh71,monir_sh71
leila.z29973,Leila.z2997
k__08_ksh,mr_ksh_88
maryam.amirluo,maryamamirluo
az.nasle.korosh123,Az.nasle.korosh
mostafayousefimelika_mostafayo,babakIrani
4272_mohammd,رها
saeed.hiiiiii,سعید حیدری
nadernadia53,nadernadia
_delneveshte.1,mhi
hamidreza__am77,
raha664449,raha66
ali_reza_salehi2915,alisalehi2915
maryam_ahmadi915,maryam_ahmadi91
seidaniamirhosein,Amir hosein Seidani
f.erfanishs,F.erfani-Sh-S
tark_salem.ir,صفری هستم مشاور ترک اعتیاد
sahamhamedi.hairstyle.ahwaz,سهام حامدی
behnam_karimi_kh,Behnam Karimi
kyusefian,kyusefian62911😉
mahmod.nori42,mahmod.nori
maryam_899265,مریم
fatemeh._.rafie99,fatemeh._.rafie99
8493_bahar,bahar
afsanhhashemi,afsanh hashemi
ozra._zaree20,Ozra zaree
honarmandann,
shakouri777,M@_bano
mawso9,
leilasana74,leila.sana
mehdi.karkon69,⇲ℳℰℋのí⇱
khzm_khy,کاظم کیا
mojtaba_ebrahimi225,mojtaba_ebrahimi
v.ghanizade,vahid
sh.qyq8945,شقایق
mehdijabari64,mehdijabari
re.rzr,Reyhaneh.rz
barahiminilofar,niloofar73
h.s95_91,h.s95_91
gilda1391esmaili,مظاهر
asghar.shahonvand,asghar.shahonvand
f.safarzadeh.46,f.s
bahman.bictali,bahmanbictali
miss.y1381,💟سکوت عاقلانه ترین کار است💟
felouramatinzad,Feloura Matinzad
mina_7f7,
afsanevafaee1371,afsane_vafaii
delava_65,delava
mnfrd3465,افشین منفرد
alireza09810,Alireza
erfan.sisi.18,erfan.sisi
hdyrjby175,هادی  رجبی
asadizahra6,asadi-zahra
farnaz.5500,farnaz😊
somayeh_meykap60,somayeh. b
fit_box_369_,
alimosivand021,alimosivand021
pajman_5530,پژمان
amozeshgah_gorgan,آموزشگاه هنری
8540_bhr,بهار
f.shams55,f.shams
hh3051ee,داریوش
mhmd.khlhd,محمد کلاهدرازی
mohmadreza_shadvar,
usefw051,yosefw
vajm1347,vajm
nazy.y1388,nazanin
sobhan.jelvizi_07,sobhan.jelvizi o7
abmh15918,abmh1591
srdrdlh7866,سرداردلها
mohammad.zolfaghari.h,سکوت تلخ.....
adele_rmg,عادله‌
ssuuddii1360,سودی
jamshid.2369,jamshid
_.amir.slp._,mr_slp_tkd
zohresadat1387,zohresadat
narges._.n00,narges_00
mortezajafari8929,Morteza Jafari
maryammesryan,maryam -mesryan
koorosh1401,Koorosh
mary______an890,♡
saeedturk1212,♤❤♧
seden7373,seden
sarone744,sarone74
hoseynrostamii_,
elahe1376160,elahe- a12
hadigolkar982022,hadi
qasmykyamrym,ترنم
amin___nikpur,azam_mirzayi
ghanem6784,ghanem
king.mohammed.m,علی فابریک
13atiyeh69,myrgysaryat 136
_zarrin_z___,
ehsan.shahriyary9712,احسان شهریاری
peym.an912,آهنگ قدیمی
javadabasi146,javad❣ abbasi
noshin_58,noshafrin  shamloo
soheyla_karimi_70,امیرمهدی
isajad_askari,
ar.sh.i.a.ne.z.am.abadi,nezamabadi
imozhganjafari,🐼mozhgan🐼
abdola328,abdola32
sfdrymyld,Milad.Safdarie
melika_2538,melika lotfi
saeedsadeghi137097,saeedsadeghi137097
mr_tiyam_org,Tiyam Tiyami
nasrin.1349k,Nasrin
miina_danesh,mina 💑 mehdi
hadi.shojaii,Hadi.shojaii
paryash12980000,
zeynab.f22,اوا
z_food.1391,Z❤h❤m.
va.li8954,vali
mhmdrswlfydlhy,محمدرسول فیض الهی
farya_bakhtiary,fary🦋79
mona_mahbubzadeh,mona
a_aghaei00,
reza.sh.shirazz,reza.sh.shirazz
reza_xavi6,xavi
iran_000_25,iran_000_25
shakerfahime,Fahime Shaker-Haircut
masomejafari13751395,masome
parast7387,parast73
bshkohshamsaldin,shamsaldin bshkoh
most.afabarek,mostafa
kh.zmy7981,کاظمی
ardalanqavami3,ardalanqavami
azaz1234azazaz,f.hidary66
alinikfetrat79,Ali
re_yhaneh4219,❤️Reyhaneh❤️
zibayi.1378,مریم حبیبی نژاد(مشاور تخصصی پوست و مو)
mardin_roshani1,mardin_roshani
froshgahalyasin,{فروشگاه محصولات ارگانیک جنوب}
n._.ebrahimii0,ابراهیمی
sam.solarrr,سام سولار. خاوران. پاکدشت
maryam1982r,maryam
hadis_yousefzadeh,hadis.yousefzadeh
simahosini9192020,simahosini919
raminhabibzade9,raminhabibzade
tajikmahmad,Mohamad Tajik
parviz_52911_6,parviz_52911_6
abuzar.m5250,abuzar.musavi
arezo158,arezo
arash.bahmani40,arashbahmani
mohammad_66967,Gonbad-E kavos
taha_khoramabadi,طاها
ata74_eb,ata ebrahimzadeh
malos_24_15,malos_24_15
misagh67731,javad
eliya6065,eliya
hdmhmwdy40,احدمحمودی
rahmankamaei,Rahman Kamaei
nahid.jamshir,ناهید جام شیر
hashem000220,هاشم yz
anahid2129,MinaBonyadi
zdbi1258,ذبیح الله دهقانی
5580.nik,nik
z.r.002,z.r.00
poori.ahrari,poori468@gmail.com
saeidalefpoor,SaeidAlefpoor
acco_untant,
marjan69__r,Marjan
nilou_882,Niloufar
miss_abasizad,شیرین عباسی مربی و داور کاراته و کونگ فو
haghighatmesbahi,Haghighat mesbahi Artin.94
amir_art_hashemi,amir
jamshid74497709,jamshid
d_1474_,
a.moghimi1336,
maryam.njo.midwife,Maryam
sadegh.m.1365,sadegh.mirzaeian
samira_bagher,🦋sami🦋
afsaneh81169,afsaneh
mahekan.4287,فریاد
saheeel_6579,
sade.ghi4648,
kavh.azeze,
behzadpiran6,behzadpiran
alsa_15.1387,a
fariba_hasanniya,
kudaki__,مریم
mohammad.nasirinezhad,Mohammad      💖❤❤❤❤💖
otis200022,حامد
pazhuhesh69,ف پ
faaa.motlagh,💙🦋𝕱𝖆𝖙𝖊𝖒𝖊🦋💙
fmhs41253,farmin
ahma.de4331,baran
mr.faazelii,mojtabafazeli
aghil.asadi.sh,AGHIL.ASADI
ahooramorady55,ahoora
goodarzi4559,arash goodarzi
poorya.devisti,poorya
w_miss_ahoo_w,_missahoo_
jafar13723,jafar.asa13723
brjh981,براجعه
janan.z60,
